location,cases_first_date,cases_total,date,zika_bool
Argentina-Buenos_Aires,130,3028,2016-03-19,1
Argentina-CABA,77,1872,2016-03-19,1
Argentina-Catamarca,14,212,2016-03-19,1
Argentina-Chaco,48,984,2016-03-19,1
Argentina-Chubut,6,82,2016-03-19,1
Argentina-Cordoba,25,1143,2016-03-19,1
Argentina-Corrientes,20,285,2016-03-19,1
Argentina-Entre_Rios,28,538,2016-03-19,1
Argentina-Formosa,8,118,2016-03-19,1
Argentina-Jujuy,245,8819,2016-03-19,1
Argentina-La_Pampa,2,24,2016-03-19,1
Argentina-La_Rioja,3,40,2016-03-19,1
Argentina-Mendoza,13,284,2016-03-19,1
Argentina-Misiones,6,92,2016-03-19,1
Argentina-Neuquen,16,260,2016-03-19,1
Argentina-Rio_Negro,5,109,2016-03-19,1
Argentina-Salta,61,1785,2016-03-19,1
Argentina-San_Juan,0,11,2016-04-29,1
Argentina-San_Luis,9,147,2016-03-19,1
Argentina-Santa_Cruz,7,118,2016-03-19,1
Argentina-Santa_Fe,15,417,2016-03-19,1
Argentina-Sgo_Del_Estero,4,78,2016-03-19,1
Argentina-Tierra_Del_Fuego,0,0,2016-04-29,0
Argentina-Tierra_del_Fuego,0,0,2016-03-19,0
Argentina-Tucuman,36,847,2016-03-19,1
Brazil,91387,925732,2016-04-02,1
Brazil-Acre,23,5715,2016-02-13,1
Brazil-Alagoas,119,19862,2016-02-13,1
Brazil-Amapa,0,1034,2016-04-02,1
Brazil-Amazonas,0,14810,2016-02-27,1
Brazil-Bahia,708,284410,2016-02-13,1
Brazil-Ceara,279,13856,2016-02-13,1
Brazil-Distrito_Federal,6,2326,2016-02-13,1
Brazil-Espirito_Santo,61,15179,2016-02-13,1
Brazil-Goias,80,19280,2016-02-13,1
Brazil-Maranhao,160,17927,2016-02-13,1
Brazil-Mato_Grosso,125,128803,2016-02-13,1
Brazil-Mato_Grosso_do_Sul,6,4137,2016-02-13,1
Brazil-Minas_Gerais,26,74498,2016-02-13,1
Brazil-Para,11,10029,2016-02-13,1
Brazil-Paraiba,493,25866,2016-02-13,1
Brazil-Parana,3,13621,2016-02-13,1
Brazil-Pernambuco,1401,27656,2016-02-13,1
Brazil-Piaui,110,3010,2016-02-13,1
Brazil-Rio_Grande_do_Norte,314,19389,2016-02-13,1
Brazil-Rio_Grande_do_Sul,1,2817,2016-02-13,1
Brazil-Rio_de_Janeiro,229,263516,2016-02-13,1
Brazil-Rondonia,1,6288,2016-02-13,1
Brazil-Roraima,8,823,2016-02-13,1
Brazil-Santa_Catarina,0,666,2016-03-05,1
Brazil-Sao_Paulo,115,26485,2016-02-13,1
Brazil-Sergipe,184,7187,2016-02-13,1
Brazil-Tocantins,88,22343,2016-02-13,1
Centro-Oeste,17504,149672,2016-04-02,1
Colombia-Amazonas-El_Encanto,0,0,2016-01-09,0
Colombia-Amazonas-La_Chorrera,0,0,2016-01-09,0
Colombia-Amazonas-La_Pedrera,0,6,2016-06-18,1
Colombia-Amazonas-La_Victoria,0,0,2016-01-09,0
Colombia-Amazonas-Leticia,1,4407,2016-01-09,1
Colombia-Amazonas-Miriti_Parana,0,0,2016-01-09,0
Colombia-Amazonas-Puerto_Alegria,0,0,2016-01-09,0
Colombia-Amazonas-Puerto_Arica,0,18,2016-06-18,1
Colombia-Amazonas-Puerto_Narino,0,87,2016-04-02,1
Colombia-Amazonas-Puerto_Santander,0,0,2016-01-09,0
Colombia-Amazonas-Tarapaca,0,0,2016-01-09,0
Colombia-Amazonas-Unknown,5,641,2016-01-09,1
Colombia-Antioquia-Abejorral,0,65,2016-01-16,1
Colombia-Antioquia-Abriaqui,0,0,2016-01-09,0
Colombia-Antioquia-Alejandria,0,0,2016-01-09,0
Colombia-Antioquia-Amaga,0,72,2016-01-30,1
Colombia-Antioquia-Amalfi,0,1,2016-04-09,1
Colombia-Antioquia-Andes,0,35,2016-03-26,1
Colombia-Antioquia-Angelopolis,0,19,2016-02-13,1
Colombia-Antioquia-Angostura,0,0,2016-01-09,0
Colombia-Antioquia-Anori,0,0,2016-01-09,0
Colombia-Antioquia-Anza,0,344,2016-05-07,1
Colombia-Antioquia-Apartado,2,6087,2016-01-09,1
Colombia-Antioquia-Arboletes,0,269,2016-01-23,1
Colombia-Antioquia-Argelia,0,2,2016-06-18,1
Colombia-Antioquia-Armenia,0,79,2016-01-30,1
Colombia-Antioquia-Barbosa,1,49,2016-01-09,1
Colombia-Antioquia-Bello,7,708,2016-01-09,1
Colombia-Antioquia-Belmira,0,40,2016-05-28,1
Colombia-Antioquia-Betania,0,4,2016-03-26,1
Colombia-Antioquia-Betulia,0,3,2016-06-18,1
Colombia-Antioquia-Briceno,0,0,2016-01-09,0
Colombia-Antioquia-Buritica,0,42,2016-06-18,1
Colombia-Antioquia-Caceres,0,861,2016-01-30,1
Colombia-Antioquia-Caicedo,0,3,2016-06-18,1
Colombia-Antioquia-Caldas,0,73,2016-01-30,1
Colombia-Antioquia-Campamento,0,0,2016-01-09,0
Colombia-Antioquia-Canasgordas,2,50,2016-01-09,1
Colombia-Antioquia-Caracoli,0,20,2016-02-13,1
Colombia-Antioquia-Caramanta,0,113,2016-06-18,1
Colombia-Antioquia-Carepa,2,1914,2016-01-09,1
Colombia-Antioquia-Carolina,0,70,2016-06-18,1
Colombia-Antioquia-Caucasia,12,1812,2016-01-09,1
Colombia-Antioquia-Chigorodo,0,3021,2016-01-16,1
Colombia-Antioquia-Cisneros,0,3,2016-03-05,1
Colombia-Antioquia-Ciudad_Bolivar,2,139,2016-01-09,1
Colombia-Antioquia-Cocorna,1,9,2016-01-09,1
Colombia-Antioquia-Concepcion,0,0,2016-01-09,0
Colombia-Antioquia-Concordia,0,11,2016-04-30,1
Colombia-Antioquia-Copacabana,0,57,2016-01-23,1
Colombia-Antioquia-Dabeiba,0,76,2016-02-13,1
Colombia-Antioquia-Don_Matias,0,0,2016-01-09,0
Colombia-Antioquia-Ebejico,0,74,2016-01-30,1
Colombia-Antioquia-El_Bagre,1,88,2016-01-09,1
Colombia-Antioquia-El_Carmen_De_Viboral,0,35,2016-02-06,1
Colombia-Antioquia-El_Santuario,0,0,2016-01-09,0
Colombia-Antioquia-Entrerrios,0,11,2016-06-18,1
Colombia-Antioquia-Envigado,1,225,2016-01-09,1
Colombia-Antioquia-Fredonia,0,40,2016-02-13,1
Colombia-Antioquia-Frontino,0,4,2016-05-14,1
Colombia-Antioquia-Giraldo,0,2,2016-06-18,1
Colombia-Antioquia-Girardota,1,41,2016-01-09,1
Colombia-Antioquia-Gomez_Plata,0,2,2016-06-18,1
Colombia-Antioquia-Granada,0,55,2016-01-30,1
Colombia-Antioquia-Guadalupe,0,0,2016-01-09,0
Colombia-Antioquia-Guarne,0,34,2016-03-05,1
Colombia-Antioquia-Guatape,2,81,2016-01-09,1
Colombia-Antioquia-Heliconia,0,14,2016-01-16,1
Colombia-Antioquia-Hispania,1,87,2016-01-09,1
Colombia-Antioquia-Itagui,4,815,2016-01-09,1
Colombia-Antioquia-Ituango,0,20,2016-02-13,1
Colombia-Antioquia-Jardin,0,8,2016-05-07,1
Colombia-Antioquia-Jerico,0,29,2016-03-12,1
Colombia-Antioquia-La_Ceja,0,4,2016-05-21,1
Colombia-Antioquia-La_Estrella,0,70,2016-01-23,1
Colombia-Antioquia-La_Pintada,0,76,2016-02-06,1
Colombia-Antioquia-La_Union,0,24,2016-01-16,1
Colombia-Antioquia-Liborina,0,23,2016-01-23,1
Colombia-Antioquia-Maceo,2,71,2016-01-09,1
Colombia-Antioquia-Marinilla,0,3,2016-06-11,1
Colombia-Antioquia-Medellin,55,6341,2016-01-09,1
Colombia-Antioquia-Montebello,0,5,2016-05-28,1
Colombia-Antioquia-Murindo,0,14,2016-03-26,1
Colombia-Antioquia-Mutata,1,638,2016-01-09,1
Colombia-Antioquia-Narino,0,124,2016-01-30,1
Colombia-Antioquia-Nechi,0,583,2016-02-06,1
Colombia-Antioquia-Necocli,0,800,2016-01-23,1
Colombia-Antioquia-Olaya,0,44,2016-02-06,1
Colombia-Antioquia-Peque,0,18,2016-02-27,1
Colombia-Antioquia-Pe√∞ol,0,5,2016-05-28,1
Colombia-Antioquia-Pueblorrico,0,0,2016-01-09,0
Colombia-Antioquia-Puerto_Berrio,2,1206,2016-01-09,1
Colombia-Antioquia-Puerto_Nare,2,88,2016-01-09,1
Colombia-Antioquia-Puerto_Triunfo,1,618,2016-01-09,1
Colombia-Antioquia-Remedios,0,337,2016-02-27,1
Colombia-Antioquia-Retiro,0,0,2016-01-09,0
Colombia-Antioquia-Rionegro,1,54,2016-01-09,1
Colombia-Antioquia-Sabanalarga,2,55,2016-01-09,1
Colombia-Antioquia-Sabaneta,0,146,2016-01-23,1
Colombia-Antioquia-Salgar,0,24,2016-01-16,1
Colombia-Antioquia-San_Andres_De_Cuerquia,2,102,2016-01-09,1
Colombia-Antioquia-San_Carlos,1,141,2016-01-09,1
Colombia-Antioquia-San_Francisco,0,19,2016-02-20,1
Colombia-Antioquia-San_Jeronimo,0,33,2016-02-20,1
Colombia-Antioquia-San_Jose_De_La_Montana,0,0,2016-01-09,0
Colombia-Antioquia-San_Juan_De_Uraba,0,340,2016-01-16,1
Colombia-Antioquia-San_Luis,3,107,2016-01-09,1
Colombia-Antioquia-San_Pedro,0,41,2016-01-23,1
Colombia-Antioquia-San_Pedro_De_Uraba,0,483,2016-01-23,1
Colombia-Antioquia-San_Rafael,0,35,2016-02-13,1
Colombia-Antioquia-San_Roque,0,71,2016-02-06,1
Colombia-Antioquia-San_Vicente,0,0,2016-01-09,0
Colombia-Antioquia-Santa_Barbara,0,14,2016-03-26,1
Colombia-Antioquia-Santa_Rosa_De_Osos,0,0,2016-01-09,0
Colombia-Antioquia-Santafe_De_Antioquia,0,395,2016-01-23,1
Colombia-Antioquia-Santo_Domingo,0,5,2016-05-28,1
Colombia-Antioquia-Segovia,0,31,2016-03-05,1
Colombia-Antioquia-Sonson,0,10,2016-02-27,1
Colombia-Antioquia-Sopetran,0,390,2016-01-30,1
Colombia-Antioquia-Tamesis,0,0,2016-01-09,0
Colombia-Antioquia-Taraza,1,253,2016-01-09,1
Colombia-Antioquia-Tarso,0,0,2016-01-09,0
Colombia-Antioquia-Titiribi,0,0,2016-01-09,0
Colombia-Antioquia-Toledo,0,19,2016-02-20,1
Colombia-Antioquia-Turbo,11,4874,2016-01-09,1
Colombia-Antioquia-Unknown,2,751,2016-01-09,1
Colombia-Antioquia-Uramita,1,25,2016-01-09,1
Colombia-Antioquia-Urrao,0,28,2016-03-05,1
Colombia-Antioquia-Valdivia,0,44,2016-04-02,1
Colombia-Antioquia-Valparaiso,4,126,2016-01-09,1
Colombia-Antioquia-Vegachi,0,64,2016-02-06,1
Colombia-Antioquia-Venecia,0,12,2016-02-20,1
Colombia-Antioquia-Vigia_Del_Fuerte,0,0,2016-01-09,0
Colombia-Antioquia-Yali,0,0,2016-01-09,0
Colombia-Antioquia-Yarumal,0,56,2016-02-13,1
Colombia-Antioquia-Yolombo,0,41,2016-03-05,1
Colombia-Antioquia-Yondo,0,149,2016-02-06,1
Colombia-Antioquia-Zaragoza,0,933,2016-02-06,1
Colombia-Arauca-Arauca,5,8130,2016-01-09,1
Colombia-Arauca-Arauquita,2,2053,2016-01-09,1
Colombia-Arauca-Cravo_Norte,0,65,2016-04-30,1
Colombia-Arauca-Fortul,1,1262,2016-01-09,1
Colombia-Arauca-Puerto_Rondon,0,133,2016-04-09,1
Colombia-Arauca-Saravena,7,5669,2016-01-09,1
Colombia-Arauca-Tame,2,1850,2016-01-09,1
Colombia-Arauca-Unknown,0,366,2016-02-13,1
Colombia-Atlantico-Baranoa,8,605,2016-01-09,1
Colombia-Atlantico-Campo_De_La_Cruz,0,321,2016-01-16,1
Colombia-Atlantico-Candelaria,1,246,2016-01-09,1
Colombia-Atlantico-Galapa,17,1058,2016-01-09,1
Colombia-Atlantico-Juan_De_Acosta,1,295,2016-01-09,1
Colombia-Atlantico-Luruaco,13,403,2016-01-09,1
Colombia-Atlantico-Malambo,45,3272,2016-01-09,1
Colombia-Atlantico-Manati,0,86,2016-01-23,1
Colombia-Atlantico-Palmar_De_Varela,3,481,2016-01-09,1
Colombia-Atlantico-Piojo,0,34,2016-03-05,1
Colombia-Atlantico-Polonuevo,1,305,2016-01-09,1
Colombia-Atlantico-Ponedera,0,94,2016-01-16,1
Colombia-Atlantico-Puerto_Colombia,82,4173,2016-01-09,1
Colombia-Atlantico-Repelon,3,355,2016-01-09,1
Colombia-Atlantico-Sabanagrande,6,931,2016-01-09,1
Colombia-Atlantico-Sabanalarga,29,1625,2016-01-09,1
Colombia-Atlantico-Santa_Lucia,0,96,2016-01-16,1
Colombia-Atlantico-Santo_Tomas,8,688,2016-01-09,1
Colombia-Atlantico-Soledad,320,25048,2016-01-09,1
Colombia-Atlantico-Suan,0,42,2016-01-16,1
Colombia-Atlantico-Tubara,26,1184,2016-01-09,1
Colombia-Atlantico-Unknown,1,340,2016-01-09,1
Colombia-Atlantico-Usiacuri,13,483,2016-01-09,1
Colombia-Barranquilla-Barranquilla,1402,92682,2016-01-09,1
Colombia-Bogota-Barrios_Unidos_12_De_Octubre,0,0,2016-01-09,0
Colombia-Bogota-Barrios_Unidos_Los_Andes,0,0,2016-01-09,0
"Colombia-Bogota-Bogota,_D.C.",24,179,2016-01-09,1
Colombia-Bogota-Bosa_Bosa_Central,0,0,2016-01-09,0
Colombia-Bogota-Bosa_Tintal_Sur,0,0,2016-01-09,0
Colombia-Bogota-Chapinero_Chapinero,0,0,2016-01-09,0
Colombia-Bogota-Chapinero_Chico_Lago,0,0,2016-01-09,0
Colombia-Bogota-Ciudad_Bolivar_San_Francisco,0,0,2016-01-09,0
Colombia-Bogota-Engativa_Engativa,0,0,2016-01-09,0
Colombia-Bogota-Fontibon_Fontibon,0,0,2016-01-09,0
Colombia-Bogota-Kennedy_Americas,0,0,2016-01-09,0
Colombia-Bogota-Kennedy_Kennedy_Central,0,0,2016-01-09,0
Colombia-Bogota-La_Candelaria_La_Candelaria,0,0,2016-01-09,0
Colombia-Bogota-Puente_Aranda_San_Rafael,0,0,2016-01-09,0
Colombia-Bogota-San_Cristobal_Sociego,0,0,2016-01-09,0
Colombia-Bogota-Teusaquillo_Ciudad_Salitre_Oriental,0,0,2016-01-09,0
Colombia-Bogota-Teusaquillo_La_Esmeralda,0,0,2016-01-09,0
Colombia-Bogota-Teusaquillo_Quinta_Paredes,0,0,2016-01-09,0
Colombia-Bogota-Teusaquillo_Teusaquillo,0,0,2016-01-09,0
Colombia-Bogota-Tunjuelito_Tunjuelito,0,0,2016-01-09,0
Colombia-Bogota-Tunjuelito_Venecia,0,0,2016-01-09,0
Colombia-Bogota-Usaquen_Los_Cedros,0,0,2016-01-09,0
Colombia-Bogota-Usaquen_Santa_Barbara,0,0,2016-01-09,0
Colombia-Bolivar-Achi,0,208,2016-01-23,1
Colombia-Bolivar-Altos_Del_Rosario,0,0,2016-01-09,0
Colombia-Bolivar-Arenal,19,958,2016-01-09,1
Colombia-Bolivar-Arjona,10,482,2016-01-09,1
Colombia-Bolivar-Arroyohondo,0,30,2016-03-19,1
Colombia-Bolivar-Barranco_De_Loba,4,191,2016-01-09,1
Colombia-Bolivar-Calamar,0,40,2016-01-23,1
Colombia-Bolivar-Cantagallo,0,328,2016-02-06,1
Colombia-Bolivar-Cicuco,1,151,2016-01-09,1
Colombia-Bolivar-Clemencia,0,26,2016-03-12,1
Colombia-Bolivar-Cordoba,5,499,2016-01-09,1
Colombia-Bolivar-El_Carmen_De_Bolivar,7,425,2016-01-09,1
Colombia-Bolivar-El_Guamo,0,42,2016-01-30,1
Colombia-Bolivar-El_Penon,0,125,2016-01-16,1
Colombia-Bolivar-Hatillo_De_Loba,0,0,2016-01-09,0
Colombia-Bolivar-Magangue,20,1224,2016-01-09,1
Colombia-Bolivar-Mahates,30,862,2016-01-09,1
Colombia-Bolivar-Margarita,0,18,2016-02-27,1
Colombia-Bolivar-Maria_La_Baja,3,68,2016-01-09,1
Colombia-Bolivar-Mompos,9,1009,2016-01-09,1
Colombia-Bolivar-Montecristo,0,428,2016-01-30,1
Colombia-Bolivar-Morales,0,212,2016-01-23,1
Colombia-Bolivar-Norosi,1,68,2016-01-09,1
Colombia-Bolivar-Pinillos,0,121,2016-01-23,1
Colombia-Bolivar-Regidor,0,18,2016-02-27,1
Colombia-Bolivar-Rio_Viejo,1,65,2016-01-09,1
Colombia-Bolivar-San_Cristobal,0,44,2016-02-20,1
Colombia-Bolivar-San_Estanislao,0,53,2016-02-13,1
Colombia-Bolivar-San_Fernando,1,25,2016-01-09,1
Colombia-Bolivar-San_Jacinto,25,659,2016-01-09,1
Colombia-Bolivar-San_Jacinto_Del_Cauca,0,38,2016-02-13,1
Colombia-Bolivar-San_Juan_Nepomuceno,45,1238,2016-01-09,1
Colombia-Bolivar-San_Martin_De_Loba,0,20,2016-02-13,1
Colombia-Bolivar-San_Pablo,0,43,2016-03-05,1
Colombia-Bolivar-Santa_Catalina,0,23,2016-01-23,1
Colombia-Bolivar-Santa_Rosa,4,115,2016-01-09,1
Colombia-Bolivar-Santa_Rosa_Del_Sur,24,756,2016-01-09,1
Colombia-Bolivar-Simiti,0,1,2016-06-25,1
Colombia-Bolivar-Soplaviento,1,28,2016-01-09,1
Colombia-Bolivar-Talaigua_Nuevo,0,43,2016-01-30,1
Colombia-Bolivar-Tiquisio,0,69,2016-02-27,1
Colombia-Bolivar-Turbaco,273,7017,2016-01-09,1
Colombia-Bolivar-Turbana,7,214,2016-01-09,1
Colombia-Bolivar-Unknown,2,493,2016-01-09,1
Colombia-Bolivar-Villanueva,7,332,2016-01-09,1
Colombia-Bolivar-Zambrano,0,0,2016-01-09,0
Colombia-Boyaca-Almeida,0,0,2016-01-09,0
Colombia-Boyaca-Aquitania,0,0,2016-01-09,0
Colombia-Boyaca-Arcabuco,0,0,2016-01-09,0
Colombia-Boyaca-Belen,0,2,2016-06-18,1
Colombia-Boyaca-Berbeo,0,0,2016-01-09,0
Colombia-Boyaca-Beteitiva,0,22,2016-01-30,1
Colombia-Boyaca-Boavita,0,64,2016-03-05,1
Colombia-Boyaca-Boyaca,0,19,2016-04-16,1
Colombia-Boyaca-Briceno,0,0,2016-01-09,0
Colombia-Boyaca-Buenavista,0,17,2016-03-12,1
Colombia-Boyaca-Busbanza,0,0,2016-01-09,0
Colombia-Boyaca-Caldas,0,0,2016-01-09,0
Colombia-Boyaca-Campohermoso,1,56,2016-01-09,1
Colombia-Boyaca-Cerinza,0,0,2016-01-09,0
Colombia-Boyaca-Chinavita,0,0,2016-01-09,0
Colombia-Boyaca-Chiquinquira,1,25,2016-01-09,1
Colombia-Boyaca-Chiquiza,0,0,2016-01-09,0
Colombia-Boyaca-Chiscas,0,0,2016-01-09,0
Colombia-Boyaca-Chita,0,0,2016-01-09,0
Colombia-Boyaca-Chitaraque,2,107,2016-01-09,1
Colombia-Boyaca-Chivata,0,0,2016-01-09,0
Colombia-Boyaca-Chivor,0,0,2016-01-09,0
Colombia-Boyaca-Cienega,0,0,2016-01-09,0
Colombia-Boyaca-Combita,0,0,2016-01-09,0
Colombia-Boyaca-Coper,0,12,2016-01-30,1
Colombia-Boyaca-Corrales,0,0,2016-01-09,0
Colombia-Boyaca-Covarachia,0,0,2016-01-09,0
Colombia-Boyaca-Cubara,0,106,2016-02-20,1
Colombia-Boyaca-Cucaita,0,0,2016-01-09,0
Colombia-Boyaca-Cuitiva,0,0,2016-01-09,0
Colombia-Boyaca-Duitama,0,23,2016-02-06,1
Colombia-Boyaca-El_Cocuy,0,0,2016-01-09,0
Colombia-Boyaca-El_Espino,0,0,2016-01-09,0
Colombia-Boyaca-Firavitoba,0,0,2016-01-09,0
Colombia-Boyaca-Floresta,0,0,2016-01-09,0
Colombia-Boyaca-Gachantiva,0,0,2016-01-09,0
Colombia-Boyaca-Gameza,0,0,2016-01-09,0
Colombia-Boyaca-Garagoa,0,18,2016-02-13,1
Colombia-Boyaca-Guacamayas,0,0,2016-01-09,0
Colombia-Boyaca-Guateque,0,9,2016-04-30,1
Colombia-Boyaca-Guayata,0,0,2016-01-09,0
Colombia-Boyaca-Guican,0,0,2016-01-09,0
Colombia-Boyaca-Iza,0,0,2016-01-09,0
Colombia-Boyaca-Jenesano,0,0,2016-01-09,0
Colombia-Boyaca-Jerico,0,0,2016-01-09,0
Colombia-Boyaca-La_Capilla,0,0,2016-01-09,0
Colombia-Boyaca-La_Uvita,0,4,2016-06-04,1
Colombia-Boyaca-La_Victoria,0,0,2016-01-09,0
Colombia-Boyaca-Labranzagrande,0,76,2016-02-27,1
Colombia-Boyaca-Macanal,0,10,2016-04-30,1
Colombia-Boyaca-Maripi,0,12,2016-04-23,1
Colombia-Boyaca-Miraflores,0,31,2016-03-12,1
Colombia-Boyaca-Mongua,0,0,2016-01-09,0
Colombia-Boyaca-Mongui,0,0,2016-01-09,0
Colombia-Boyaca-Moniquira,0,189,2016-01-23,1
Colombia-Boyaca-Motavita,0,0,2016-01-09,0
Colombia-Boyaca-Muzo,5,1659,2016-01-09,1
Colombia-Boyaca-Nobsa,0,0,2016-01-09,0
Colombia-Boyaca-Nuevo_Colon,0,1,2016-02-27,1
Colombia-Boyaca-Oicata,0,0,2016-01-09,0
Colombia-Boyaca-Otanche,1,47,2016-01-09,1
Colombia-Boyaca-Pachavita,0,0,2016-01-09,0
Colombia-Boyaca-Paez,1,26,2016-01-09,1
Colombia-Boyaca-Paipa,0,0,2016-01-09,0
Colombia-Boyaca-Pajarito,3,654,2016-01-09,1
Colombia-Boyaca-Panqueba,0,0,2016-01-09,0
Colombia-Boyaca-Pauna,0,21,2016-02-06,1
Colombia-Boyaca-Paya,0,0,2016-01-09,0
Colombia-Boyaca-Paz_De_Rio,0,0,2016-01-09,0
Colombia-Boyaca-Pesca,0,0,2016-01-09,0
Colombia-Boyaca-Pisba,0,0,2016-01-09,0
Colombia-Boyaca-Puerto_Boyaca,16,698,2016-01-09,1
Colombia-Boyaca-Quipama,0,44,2016-04-02,1
Colombia-Boyaca-Ramiriqui,0,0,2016-01-09,0
Colombia-Boyaca-Raquira,0,0,2016-01-09,0
Colombia-Boyaca-Rondon,0,0,2016-01-09,0
Colombia-Boyaca-Saboya,0,0,2016-01-09,0
Colombia-Boyaca-Sachica,0,12,2016-01-30,1
Colombia-Boyaca-Samaca,0,0,2016-01-09,0
Colombia-Boyaca-San_Eduardo,0,0,2016-01-09,0
Colombia-Boyaca-San_Jose_De_Pare,0,56,2016-02-27,1
Colombia-Boyaca-San_Luis_De_Gaceno,1,257,2016-01-09,1
Colombia-Boyaca-San_Mateo,0,0,2016-01-09,0
Colombia-Boyaca-San_Miguel_De_Sema,0,0,2016-01-09,0
Colombia-Boyaca-San_Pablo_De_Borbur,1,38,2016-01-09,1
Colombia-Boyaca-Santa_Maria,0,73,2016-02-27,1
Colombia-Boyaca-Santa_Rosa_De_Viterbo,0,0,2016-01-09,0
Colombia-Boyaca-Santa_Sofia,0,0,2016-01-09,0
Colombia-Boyaca-Santana,1,143,2016-01-09,1
Colombia-Boyaca-Sativanorte,0,0,2016-01-09,0
Colombia-Boyaca-Sativasur,0,0,2016-01-09,0
Colombia-Boyaca-Siachoque,0,0,2016-01-09,0
Colombia-Boyaca-Soata,0,232,2016-02-06,1
Colombia-Boyaca-Socha,0,0,2016-01-09,0
Colombia-Boyaca-Socota,0,15,2016-03-19,1
Colombia-Boyaca-Sogamoso,0,38,2016-02-13,1
Colombia-Boyaca-Somondoco,0,0,2016-01-09,0
Colombia-Boyaca-Sora,0,0,2016-01-09,0
Colombia-Boyaca-Soraca,0,0,2016-01-09,0
Colombia-Boyaca-Sotaquira,0,0,2016-01-09,0
Colombia-Boyaca-Susacon,0,0,2016-01-09,0
Colombia-Boyaca-Sutamarchan,0,3,2016-06-11,1
Colombia-Boyaca-Sutatenza,0,24,2016-01-16,1
Colombia-Boyaca-Tasco,0,0,2016-01-09,0
Colombia-Boyaca-Tenza,0,0,2016-01-09,0
Colombia-Boyaca-Tibana,0,54,2016-01-16,1
Colombia-Boyaca-Tibasosa,0,8,2016-02-13,1
Colombia-Boyaca-Tinjaca,0,0,2016-01-09,0
Colombia-Boyaca-Tipacoque,0,34,2016-02-06,1
Colombia-Boyaca-Toca,0,0,2016-01-09,0
Colombia-Boyaca-Togui,0,2,2016-06-18,1
Colombia-Boyaca-Topaga,0,0,2016-01-09,0
Colombia-Boyaca-Tota,0,0,2016-01-09,0
Colombia-Boyaca-Tunja,0,120,2016-01-23,1
Colombia-Boyaca-Tunungua,0,9,2016-04-30,1
Colombia-Boyaca-Turmeque,0,0,2016-01-09,0
Colombia-Boyaca-Tuta,0,0,2016-01-09,0
Colombia-Boyaca-Tutaza,0,0,2016-01-09,0
Colombia-Boyaca-Umbita,1,1,2016-01-09,1
Colombia-Boyaca-Unknown,0,76,2016-03-26,1
Colombia-Boyaca-Ventaquemada,0,0,2016-01-09,0
Colombia-Boyaca-Villa_De_Leyva,0,0,2016-01-09,0
Colombia-Boyaca-Viracacha,0,0,2016-01-09,0
Colombia-Boyaca-Zetaquira,0,18,2016-02-27,1
Colombia-Caldas-Aguadas,0,35,2016-01-30,1
Colombia-Caldas-Anserma,0,188,2016-03-19,1
Colombia-Caldas-Aranzazu,0,0,2016-01-09,0
Colombia-Caldas-Belalcazar,0,0,2016-01-09,0
Colombia-Caldas-Chinchina,1,202,2016-01-09,1
Colombia-Caldas-Filadelfia,0,34,2016-01-30,1
Colombia-Caldas-La_Dorada,13,831,2016-01-09,1
Colombia-Caldas-La_Merced,0,0,2016-01-09,0
Colombia-Caldas-Manizales,2,254,2016-01-09,1
Colombia-Caldas-Manzanares,0,131,2016-02-06,1
Colombia-Caldas-Marmato,10,457,2016-01-09,1
Colombia-Caldas-Marquetalia,0,254,2016-01-30,1
Colombia-Caldas-Marulanda,0,0,2016-01-09,0
Colombia-Caldas-Neira,0,21,2016-02-06,1
Colombia-Caldas-Norcasia,0,79,2016-01-16,1
Colombia-Caldas-Pacora,0,20,2016-02-13,1
Colombia-Caldas-Palestina,1,354,2016-01-09,1
Colombia-Caldas-Pensilvania,2,92,2016-01-09,1
Colombia-Caldas-Riosucio,1,64,2016-01-09,1
Colombia-Caldas-Risaralda,0,73,2016-02-27,1
Colombia-Caldas-Salamina,0,0,2016-01-09,0
Colombia-Caldas-Samana,5,108,2016-01-09,1
Colombia-Caldas-San_Jose,0,23,2016-01-23,1
Colombia-Caldas-Supia,0,61,2016-01-23,1
Colombia-Caldas-Unknown,0,75,2016-01-30,1
Colombia-Caldas-Victoria,12,385,2016-01-09,1
Colombia-Caldas-Villamaria,0,32,2016-03-12,1
Colombia-Caldas-Viterbo,0,766,2016-01-23,1
Colombia-Caqueta-Albania,0,59,2016-02-27,1
Colombia-Caqueta-Belen_De_Los_Andaquies,0,478,2016-01-30,1
Colombia-Caqueta-Cartagena_Del_Chaira,0,211,2016-01-16,1
Colombia-Caqueta-Curillo,0,57,2016-02-06,1
Colombia-Caqueta-El_Doncello,4,1231,2016-01-09,1
Colombia-Caqueta-El_Paujil,1,971,2016-01-09,1
Colombia-Caqueta-Florencia,24,10976,2016-01-09,1
Colombia-Caqueta-La_Montanita,0,578,2016-01-23,1
Colombia-Caqueta-Milan,0,68,2016-01-30,1
Colombia-Caqueta-Morelia,1,225,2016-01-09,1
Colombia-Caqueta-Puerto_Rico,0,364,2016-02-06,1
Colombia-Caqueta-San_Jose_Del_Fragua,0,1386,2016-01-16,1
Colombia-Caqueta-San_Vicente_Del_Caguan,1,1347,2016-01-09,1
Colombia-Caqueta-Solano,0,80,2016-01-30,1
Colombia-Caqueta-Solita,0,132,2016-02-20,1
Colombia-Caqueta-Unknown,0,172,2016-01-30,1
Colombia-Caqueta-Valparaiso,0,58,2016-02-13,1
Colombia-Cartagena-Cartagena,674,22335,2016-01-09,1
Colombia-Casanare-Aguazul,2,3929,2016-01-09,1
Colombia-Casanare-Chameza,1,91,2016-01-09,1
Colombia-Casanare-Hato_Corozal,0,103,2016-01-30,1
Colombia-Casanare-La_Salina,0,1,2016-06-18,1
Colombia-Casanare-Mani,0,206,2016-02-13,1
Colombia-Casanare-Monterrey,6,2918,2016-01-09,1
Colombia-Casanare-Nunchia,0,292,2016-01-30,1
Colombia-Casanare-Orocue,0,316,2016-01-16,1
Colombia-Casanare-Paz_De_Ariporo,1,1286,2016-01-09,1
Colombia-Casanare-Pore,0,321,2016-02-06,1
Colombia-Casanare-Recetor,0,2,2016-06-18,1
Colombia-Casanare-Sabanalarga,0,128,2016-04-09,1
Colombia-Casanare-Sacama,0,13,2016-04-30,1
Colombia-Casanare-San_Luis_De_Palenque,1,678,2016-01-09,1
Colombia-Casanare-Tamara,0,73,2016-03-12,1
Colombia-Casanare-Tauramena,7,3336,2016-01-09,1
Colombia-Casanare-Trinidad,1,745,2016-01-09,1
Colombia-Casanare-Unknown,0,323,2016-01-30,1
Colombia-Casanare-Villanueva,3,3118,2016-01-09,1
Colombia-Casanare-Yopal,15,18634,2016-01-09,1
Colombia-Cauca-Almaguer,0,10,2016-05-07,1
Colombia-Cauca-Argelia,1,25,2016-01-09,1
Colombia-Cauca-Balboa,0,22,2016-01-30,1
Colombia-Cauca-Bolivar,0,0,2016-01-09,0
Colombia-Cauca-Buenos_Aires,0,51,2016-03-05,1
Colombia-Cauca-Cajibio,0,12,2016-04-23,1
Colombia-Cauca-Caldono,0,5,2016-05-28,1
Colombia-Cauca-Caloto,0,64,2016-03-05,1
Colombia-Cauca-Corinto,0,95,2016-02-06,1
Colombia-Cauca-El_Tambo,0,5,2016-05-28,1
Colombia-Cauca-Florencia,0,8,2016-05-07,1
Colombia-Cauca-Guachene,0,0,2016-01-09,0
Colombia-Cauca-Guapi,0,24,2016-03-05,1
Colombia-Cauca-Inza,0,17,2016-03-05,1
Colombia-Cauca-Jambalo,0,42,2016-02-13,1
Colombia-Cauca-La_Sierra,0,20,2016-02-13,1
Colombia-Cauca-La_Vega,0,56,2016-01-16,1
Colombia-Cauca-Lopez,0,0,2016-01-09,0
Colombia-Cauca-Mercaderes,1,31,2016-01-09,1
Colombia-Cauca-Miranda,0,155,2016-01-23,1
Colombia-Cauca-Morales,0,0,2016-01-09,0
Colombia-Cauca-Padilla,0,57,2016-02-06,1
Colombia-Cauca-Paez,0,155,2016-02-06,1
Colombia-Cauca-Patia,0,45,2016-03-12,1
Colombia-Cauca-Piamonte,0,3,2016-06-18,1
Colombia-Cauca-Piendamo,0,0,2016-01-09,0
Colombia-Cauca-Popayan,0,419,2016-01-23,1
Colombia-Cauca-Puerto_Tejada,0,676,2016-01-30,1
Colombia-Cauca-Purace,0,0,2016-01-09,0
Colombia-Cauca-Rosas,0,0,2016-01-09,0
Colombia-Cauca-San_Sebastian,0,0,2016-01-09,0
Colombia-Cauca-Santa_Rosa,0,0,2016-01-09,0
Colombia-Cauca-Santander_De_Quilichao,1,811,2016-01-09,1
Colombia-Cauca-Silvia,0,0,2016-01-09,0
Colombia-Cauca-Sotara,0,0,2016-01-09,0
Colombia-Cauca-Suarez,0,27,2016-04-09,1
Colombia-Cauca-Sucre,1,65,2016-01-09,1
Colombia-Cauca-Timbio,0,14,2016-03-26,1
Colombia-Cauca-Timbiqui,0,0,2016-01-09,0
Colombia-Cauca-Toribio,0,42,2016-01-30,1
Colombia-Cauca-Totoro,0,0,2016-01-09,0
Colombia-Cauca-Unknown,0,32,2016-01-23,1
Colombia-Cauca-Villa_Rica,0,73,2016-01-23,1
Colombia-Cesar-Aguachica,114,5787,2016-01-09,1
Colombia-Cesar-Agustin_Codazzi,1,169,2016-01-09,1
Colombia-Cesar-Astrea,0,279,2016-01-16,1
Colombia-Cesar-Becerril,0,503,2016-01-16,1
Colombia-Cesar-Bosconia,0,477,2016-01-16,1
Colombia-Cesar-Chimichagua,0,8,2016-05-14,1
Colombia-Cesar-Chiriguana,0,294,2016-01-30,1
Colombia-Cesar-Curumani,0,938,2016-01-16,1
Colombia-Cesar-El_Copey,4,727,2016-01-09,1
Colombia-Cesar-El_Paso,5,162,2016-01-09,1
Colombia-Cesar-Gamarra,0,114,2016-01-23,1
Colombia-Cesar-Gonzalez,0,35,2016-02-27,1
Colombia-Cesar-La_Gloria,1,193,2016-01-09,1
Colombia-Cesar-La_Jagua_De_Ibirico,0,255,2016-01-23,1
Colombia-Cesar-La_Paz,0,239,2016-01-23,1
Colombia-Cesar-Manaure,0,502,2016-01-30,1
Colombia-Cesar-Pailitas,0,391,2016-01-23,1
Colombia-Cesar-Pelaya,0,305,2016-01-16,1
Colombia-Cesar-Pueblo_Bello,0,193,2016-01-23,1
Colombia-Cesar-Rio_De_Oro,1,309,2016-01-09,1
Colombia-Cesar-San_Alberto,3,1235,2016-01-09,1
Colombia-Cesar-San_Diego,0,162,2016-01-16,1
Colombia-Cesar-San_Martin,0,346,2016-01-30,1
Colombia-Cesar-Tamalameque,2,118,2016-01-09,1
Colombia-Cesar-Unknown,1,288,2016-01-09,1
Colombia-Cesar-Valledupar,20,14555,2016-01-09,1
Colombia-Choco-Acandi,0,101,2016-02-06,1
Colombia-Choco-Alto_Baudo,0,0,2016-01-09,0
Colombia-Choco-Atrato,0,93,2016-03-26,1
Colombia-Choco-Bagado,0,0,2016-01-09,0
Colombia-Choco-Bahia_Solano,0,29,2016-05-21,1
Colombia-Choco-Bajo_Baudo,0,19,2016-02-20,1
Colombia-Choco-Belen_De_Bajira,0,0,2016-01-09,0
Colombia-Choco-Bojaya,0,0,2016-01-09,0
Colombia-Choco-Carmen_Del_Darien,0,0,2016-01-09,0
Colombia-Choco-Certegui,0,21,2016-02-06,1
Colombia-Choco-Condoto,0,21,2016-02-06,1
Colombia-Choco-El_Canton_Del_San_Pablo,0,0,2016-01-09,0
Colombia-Choco-El_Carmen_De_Atrato,0,0,2016-01-09,0
Colombia-Choco-El_Litoral_Del_San_Juan,0,0,2016-01-09,0
Colombia-Choco-Istmina,0,38,2016-02-13,1
Colombia-Choco-Jurado,0,0,2016-01-09,0
Colombia-Choco-Lloro,1,25,2016-01-09,1
Colombia-Choco-Medio_Atrato,0,0,2016-01-09,0
Colombia-Choco-Medio_Baudo,0,15,2016-03-19,1
Colombia-Choco-Medio_San_Juan,0,0,2016-01-09,0
Colombia-Choco-Novita,0,0,2016-01-09,0
Colombia-Choco-Nuqui,0,0,2016-01-09,0
Colombia-Choco-Quibdo,0,154,2016-01-30,1
Colombia-Choco-Rio_Iro,0,0,2016-01-09,0
Colombia-Choco-Rio_Quito,0,0,2016-01-09,0
Colombia-Choco-Riosucio,0,0,2016-01-09,0
Colombia-Choco-San_Jose_Del_Palmar,0,0,2016-01-09,0
Colombia-Choco-Sipi,0,0,2016-01-09,0
Colombia-Choco-Tado,0,18,2016-02-27,1
Colombia-Choco-Unguia,0,22,2016-01-30,1
Colombia-Choco-Union_Panamericana,0,0,2016-01-09,0
Colombia-Choco-Unknown,0,123,2016-01-23,1
Colombia-Cordoba-Ayapel,0,990,2016-01-16,1
Colombia-Cordoba-Buenavista,0,451,2016-01-23,1
Colombia-Cordoba-Canalete,7,982,2016-01-09,1
Colombia-Cordoba-Cerete,10,4078,2016-01-09,1
Colombia-Cordoba-Chima,0,188,2016-01-30,1
Colombia-Cordoba-Chinu,3,343,2016-01-09,1
Colombia-Cordoba-Cienaga_De_Oro,1,156,2016-01-09,1
Colombia-Cordoba-Cotorra,0,115,2016-02-13,1
Colombia-Cordoba-La_Apartada,0,1687,2016-01-16,1
Colombia-Cordoba-Lorica,27,1618,2016-01-09,1
Colombia-Cordoba-Los_Cordobas,0,56,2016-02-06,1
Colombia-Cordoba-Momil,45,1791,2016-01-09,1
Colombia-Cordoba-Monitos,0,62,2016-02-06,1
Colombia-Cordoba-Montelibano,42,4250,2016-01-09,1
Colombia-Cordoba-Monteria,577,38225,2016-01-09,1
Colombia-Cordoba-Planeta_Rica,1,898,2016-01-09,1
Colombia-Cordoba-Pueblo_Nuevo,0,459,2016-01-30,1
Colombia-Cordoba-Puerto_Escondido,15,1184,2016-01-09,1
Colombia-Cordoba-Puerto_Libertador,0,401,2016-01-30,1
Colombia-Cordoba-Purisima,1,126,2016-01-09,1
Colombia-Cordoba-Sahagun,2,394,2016-01-09,1
Colombia-Cordoba-San_Andres_Sotavento,3,480,2016-01-09,1
Colombia-Cordoba-San_Antero,2,215,2016-01-09,1
Colombia-Cordoba-San_Bernardo_Del_Viento,8,2484,2016-01-09,1
Colombia-Cordoba-San_Carlos,1,474,2016-01-09,1
Colombia-Cordoba-San_Jose_De_Ure,0,421,2016-01-16,1
Colombia-Cordoba-San_Pelayo,7,1224,2016-01-09,1
Colombia-Cordoba-Tierralta,2,1648,2016-01-09,1
Colombia-Cordoba-Tuchin,3,400,2016-01-09,1
Colombia-Cordoba-Unknown,1,344,2016-01-09,1
Colombia-Cordoba-Valencia,3,454,2016-01-09,1
Colombia-Cundinamarca-Agua_De_Dios,93,2732,2016-01-09,1
Colombia-Cundinamarca-Alban,0,0,2016-01-09,0
Colombia-Cundinamarca-Anapoima,12,3179,2016-01-09,1
Colombia-Cundinamarca-Anolaima,1,143,2016-01-09,1
Colombia-Cundinamarca-Apulo,14,1219,2016-01-09,1
Colombia-Cundinamarca-Arbelaez,0,329,2016-02-20,1
Colombia-Cundinamarca-Beltran,1,37,2016-01-09,1
Colombia-Cundinamarca-Bituima,0,9,2016-04-30,1
Colombia-Cundinamarca-Bojaca,0,0,2016-01-09,0
Colombia-Cundinamarca-Cabrera,0,10,2016-04-23,1
Colombia-Cundinamarca-Cachipay,0,585,2016-01-16,1
Colombia-Cundinamarca-Cajica,0,0,2016-01-09,0
Colombia-Cundinamarca-Caparrapi,0,134,2016-01-23,1
Colombia-Cundinamarca-Caqueza,1,74,2016-01-09,1
Colombia-Cundinamarca-Carmen_De_Carupa,0,0,2016-01-09,0
Colombia-Cundinamarca-Chaguani,0,435,2016-02-13,1
Colombia-Cundinamarca-Chia,0,134,2016-01-23,1
Colombia-Cundinamarca-Chipaque,0,14,2016-03-26,1
Colombia-Cundinamarca-Choachi,0,12,2016-04-09,1
Colombia-Cundinamarca-Choconta,0,0,2016-01-09,0
Colombia-Cundinamarca-Cogua,0,0,2016-01-09,0
Colombia-Cundinamarca-Cota,0,36,2016-03-12,1
Colombia-Cundinamarca-Cucunuba,0,0,2016-01-09,0
Colombia-Cundinamarca-El_Colegio,26,11083,2016-01-09,1
Colombia-Cundinamarca-El_Penon,1,828,2016-01-09,1
Colombia-Cundinamarca-El_Rosal,0,0,2016-01-09,0
Colombia-Cundinamarca-Facatativa,0,80,2016-01-30,1
Colombia-Cundinamarca-Fomeque,0,0,2016-01-09,0
Colombia-Cundinamarca-Fosca,0,0,2016-01-09,0
Colombia-Cundinamarca-Funza,0,2,2016-05-14,1
Colombia-Cundinamarca-Fuquene,0,0,2016-01-09,0
Colombia-Cundinamarca-Fusagasuga,3,2441,2016-01-09,1
Colombia-Cundinamarca-Gachala,0,23,2016-01-23,1
Colombia-Cundinamarca-Gachancipa,0,0,2016-01-09,0
Colombia-Cundinamarca-Gacheta,0,7,2016-05-14,1
Colombia-Cundinamarca-Gama,0,0,2016-01-09,0
Colombia-Cundinamarca-Girardot,1408,40591,2016-01-09,1
Colombia-Cundinamarca-Granada,0,48,2016-01-23,1
Colombia-Cundinamarca-Guacheta,0,16,2016-02-06,1
Colombia-Cundinamarca-Guaduas,6,1218,2016-01-09,1
Colombia-Cundinamarca-Guasca,0,0,2016-01-09,0
Colombia-Cundinamarca-Guataqui,1,72,2016-01-09,1
Colombia-Cundinamarca-Guatavita,0,0,2016-01-09,0
Colombia-Cundinamarca-Guayabal_De_Siquima,0,177,2016-02-06,1
Colombia-Cundinamarca-Guayabetal,0,49,2016-03-12,1
Colombia-Cundinamarca-Gutierrez,0,0,2016-01-09,0
Colombia-Cundinamarca-Jerusalen,8,321,2016-01-09,1
Colombia-Cundinamarca-Junin,0,0,2016-01-09,0
Colombia-Cundinamarca-La_Calera,0,27,2016-02-20,1
Colombia-Cundinamarca-La_Mesa,9,8262,2016-01-09,1
Colombia-Cundinamarca-La_Palma,4,1902,2016-01-09,1
Colombia-Cundinamarca-La_Pena,4,949,2016-01-09,1
Colombia-Cundinamarca-La_Vega,2,990,2016-01-09,1
Colombia-Cundinamarca-Lenguazaque,0,0,2016-01-09,0
Colombia-Cundinamarca-Macheta,0,17,2016-03-05,1
Colombia-Cundinamarca-Madrid,0,57,2016-02-13,1
Colombia-Cundinamarca-Manta,0,0,2016-01-09,0
Colombia-Cundinamarca-Medina,0,635,2016-03-05,1
Colombia-Cundinamarca-Mosquera,0,1,2016-01-23,1
Colombia-Cundinamarca-Narino,14,422,2016-01-09,1
Colombia-Cundinamarca-Nemocon,0,0,2016-01-09,0
Colombia-Cundinamarca-Nilo,19,1811,2016-01-09,1
Colombia-Cundinamarca-Nimaima,0,131,2016-01-16,1
Colombia-Cundinamarca-Nocaima,1,281,2016-01-09,1
Colombia-Cundinamarca-Pacho,2,230,2016-01-09,1
Colombia-Cundinamarca-Paime,0,276,2016-01-16,1
Colombia-Cundinamarca-Pandi,1,358,2016-01-09,1
Colombia-Cundinamarca-Paratebueno,0,295,2016-01-30,1
Colombia-Cundinamarca-Pasca,0,0,2016-01-09,0
Colombia-Cundinamarca-Puerto_Salgar,2,352,2016-01-09,1
Colombia-Cundinamarca-Puli,0,195,2016-01-23,1
Colombia-Cundinamarca-Quebradanegra,0,282,2016-02-13,1
Colombia-Cundinamarca-Quetame,0,21,2016-02-06,1
Colombia-Cundinamarca-Quipile,1,295,2016-01-09,1
Colombia-Cundinamarca-Ricaurte,88,2648,2016-01-09,1
Colombia-Cundinamarca-San_Antonio_Del_Tequendama,0,418,2016-01-23,1
Colombia-Cundinamarca-San_Bernardo,0,64,2016-01-16,1
Colombia-Cundinamarca-San_Cayetano,0,0,2016-01-09,0
Colombia-Cundinamarca-San_Francisco,1,160,2016-01-09,1
Colombia-Cundinamarca-San_Juan_De_Rio_Seco,0,404,2016-01-30,1
Colombia-Cundinamarca-Sasaima,7,1300,2016-01-09,1
Colombia-Cundinamarca-Sesquile,0,17,2016-03-05,1
Colombia-Cundinamarca-Sibate,0,0,2016-01-09,0
Colombia-Cundinamarca-Silvania,2,990,2016-01-09,1
Colombia-Cundinamarca-Simijaca,0,0,2016-01-09,0
Colombia-Cundinamarca-Soacha,0,107,2016-01-23,1
Colombia-Cundinamarca-Sopo,0,0,2016-01-09,0
Colombia-Cundinamarca-Subachoque,0,0,2016-01-09,0
Colombia-Cundinamarca-Suesca,0,0,2016-01-09,0
Colombia-Cundinamarca-Supata,0,0,2016-01-09,0
Colombia-Cundinamarca-Susa,0,0,2016-01-09,0
Colombia-Cundinamarca-Sutatausa,0,0,2016-01-09,0
Colombia-Cundinamarca-Tabio,1,55,2016-01-09,1
Colombia-Cundinamarca-Tausa,0,0,2016-01-09,0
Colombia-Cundinamarca-Tena,2,1313,2016-01-09,1
Colombia-Cundinamarca-Tenjo,0,0,2016-01-09,0
Colombia-Cundinamarca-Tibacuy,0,426,2016-01-23,1
Colombia-Cundinamarca-Tibirita,0,0,2016-01-09,0
Colombia-Cundinamarca-Tocaima,39,2620,2016-01-09,1
Colombia-Cundinamarca-Tocancipa,0,0,2016-01-09,0
Colombia-Cundinamarca-Topaipi,1,180,2016-01-09,1
Colombia-Cundinamarca-Ubala,0,180,2016-01-16,1
Colombia-Cundinamarca-Ubaque,0,0,2016-01-09,0
Colombia-Cundinamarca-Une,0,3,2016-06-11,1
Colombia-Cundinamarca-Unknown,10,1519,2016-01-09,1
Colombia-Cundinamarca-Utica,3,438,2016-01-09,1
Colombia-Cundinamarca-Venecia,0,2,2016-06-18,1
Colombia-Cundinamarca-Vergara,0,139,2016-02-13,1
Colombia-Cundinamarca-Viani,1,56,2016-01-09,1
Colombia-Cundinamarca-Villa_De_San_Diego_De_Ubate,0,85,2016-01-16,1
Colombia-Cundinamarca-Villagomez,0,57,2016-02-06,1
Colombia-Cundinamarca-Villapinzon,0,5,2016-01-30,1
Colombia-Cundinamarca-Villeta,33,2969,2016-01-09,1
Colombia-Cundinamarca-Viota,1,891,2016-01-09,1
Colombia-Cundinamarca-Yacopi,0,83,2016-02-13,1
Colombia-Cundinamarca-Zipacon,0,0,2016-01-09,0
Colombia-Cundinamarca-Zipaquira,1,59,2016-01-09,1
Colombia-Desconocido-Desconocido,58,2154,2016-01-30,1
Colombia-Guainia-Barranco_Minas,0,0,2016-01-09,0
Colombia-Guainia-Cacahual,0,0,2016-01-09,0
Colombia-Guainia-Inirida,2,170,2016-01-09,1
Colombia-Guainia-La_Guadalupe,0,0,2016-01-09,0
Colombia-Guainia-Mapiripana,0,0,2016-01-09,0
Colombia-Guainia-Morichal,0,0,2016-01-09,0
Colombia-Guainia-Pana_Pana,0,0,2016-01-09,0
Colombia-Guainia-Puerto_Colombia,0,0,2016-01-09,0
Colombia-Guainia-San_Felipe,0,0,2016-01-09,0
Colombia-Guainia-Unknown,0,12,2016-03-12,1
Colombia-Guajira-Albania,8,1121,2016-01-09,1
Colombia-Guajira-Barrancas,1,852,2016-01-09,1
Colombia-Guajira-Dibulla,0,630,2016-01-16,1
Colombia-Guajira-Distraccion,1,322,2016-01-09,1
Colombia-Guajira-El_Molino,4,136,2016-01-09,1
Colombia-Guajira-Fonseca,3,858,2016-01-09,1
Colombia-Guajira-Hatonuevo,0,247,2016-02-13,1
Colombia-Guajira-La_Jagua_Del_Pilar,0,0,2016-01-09,0
Colombia-Guajira-Maicao,2,717,2016-01-09,1
Colombia-Guajira-Manaure,2,311,2016-01-09,1
Colombia-Guajira-Riohacha,50,5728,2016-01-09,1
Colombia-Guajira-San_Juan_Del_Cesar,29,1969,2016-01-09,1
Colombia-Guajira-Unknown,8,360,2016-01-09,1
Colombia-Guajira-Uribia,4,504,2016-01-09,1
Colombia-Guajira-Urumita,0,8,2016-01-16,1
Colombia-Guajira-Villanueva,5,285,2016-01-09,1
Colombia-Guaviare-Calamar,0,153,2016-03-19,1
Colombia-Guaviare-El_Retorno,1,314,2016-01-09,1
Colombia-Guaviare-Miraflores,0,13,2016-04-02,1
Colombia-Guaviare-San_Jose_Del_Guaviare,1,1317,2016-01-09,1
Colombia-Guaviare-Unknown,0,33,2016-03-19,1
Colombia-Huila-Acevedo,0,308,2016-01-23,1
Colombia-Huila-Agrado,0,811,2016-01-23,1
Colombia-Huila-Aipe,79,4643,2016-01-09,1
Colombia-Huila-Algeciras,4,1340,2016-01-09,1
Colombia-Huila-Altamira,0,1348,2016-02-06,1
Colombia-Huila-Baraya,7,475,2016-01-09,1
Colombia-Huila-Campoalegre,17,2985,2016-01-09,1
Colombia-Huila-Colombia,1,656,2016-01-09,1
Colombia-Huila-Elias,0,266,2016-02-13,1
Colombia-Huila-Garzon,5,13791,2016-01-09,1
Colombia-Huila-Gigante,10,6700,2016-01-09,1
Colombia-Huila-Guadalupe,1,4525,2016-01-09,1
Colombia-Huila-Hobo,1,803,2016-01-09,1
Colombia-Huila-Iquira,1,724,2016-01-09,1
Colombia-Huila-Isnos,1,30,2016-01-09,1
Colombia-Huila-La_Argentina,0,85,2016-02-20,1
Colombia-Huila-La_Plata,1,849,2016-01-09,1
Colombia-Huila-Nataga,0,99,2016-01-23,1
Colombia-Huila-Neiva,844,70813,2016-01-09,1
Colombia-Huila-Oporapa,0,101,2016-02-20,1
Colombia-Huila-Paicol,0,114,2016-02-06,1
Colombia-Huila-Palermo,8,3633,2016-01-09,1
Colombia-Huila-Palestina,0,37,2016-01-30,1
Colombia-Huila-Pital,0,366,2016-01-16,1
Colombia-Huila-Pitalito,1,4246,2016-01-09,1
Colombia-Huila-Rivera,4,1984,2016-01-09,1
Colombia-Huila-Saladoblanco,0,0,2016-01-09,0
Colombia-Huila-San_Agustin,0,122,2016-02-06,1
Colombia-Huila-Santa_Maria,0,2276,2016-01-23,1
Colombia-Huila-Suaza,0,1672,2016-01-23,1
Colombia-Huila-Tarqui,2,378,2016-01-09,1
Colombia-Huila-Tello,4,391,2016-01-09,1
Colombia-Huila-Teruel,0,401,2016-01-30,1
Colombia-Huila-Tesalia,0,456,2016-01-23,1
Colombia-Huila-Timana,0,1954,2016-01-23,1
Colombia-Huila-Unknown,6,913,2016-01-09,1
Colombia-Huila-Villavieja,2,319,2016-01-09,1
Colombia-Huila-Yaguara,6,624,2016-01-09,1
Colombia-Magdalena-Algarrobo,0,810,2016-01-30,1
Colombia-Magdalena-Aracataca,16,808,2016-01-09,1
Colombia-Magdalena-Ariguani,0,83,2016-01-30,1
Colombia-Magdalena-Cerro_San_Antonio,0,5,2016-05-28,1
Colombia-Magdalena-Chibolo,1,47,2016-01-09,1
Colombia-Magdalena-Cienaga,155,7261,2016-01-09,1
Colombia-Magdalena-Concordia,0,172,2016-02-20,1
Colombia-Magdalena-El_Banco,5,1041,2016-01-09,1
Colombia-Magdalena-El_Pinon,1,1046,2016-01-09,1
Colombia-Magdalena-El_Reten,0,326,2016-01-30,1
Colombia-Magdalena-Fundacion,11,2140,2016-01-09,1
Colombia-Magdalena-Guamal,2,374,2016-01-09,1
Colombia-Magdalena-Nueva_Granada,5,150,2016-01-09,1
Colombia-Magdalena-Pedraza,0,0,2016-01-09,0
Colombia-Magdalena-Pijino_Del_Carmen,0,59,2016-01-30,1
Colombia-Magdalena-Pivijay,1,2060,2016-01-09,1
Colombia-Magdalena-Plato,14,1584,2016-01-09,1
Colombia-Magdalena-Puebloviejo,4,321,2016-01-09,1
Colombia-Magdalena-Remolino,0,0,2016-01-09,0
Colombia-Magdalena-Sabanas_De_San_Angel,20,1049,2016-01-09,1
Colombia-Magdalena-Salamina,0,238,2016-01-23,1
Colombia-Magdalena-San_Sebastian_De_Buenavista,0,202,2016-01-30,1
Colombia-Magdalena-San_Zenon,2,462,2016-01-09,1
Colombia-Magdalena-Santa_Ana,2,93,2016-01-09,1
Colombia-Magdalena-Santa_Barbara_De_Pinto,1,311,2016-01-09,1
Colombia-Magdalena-Sitionuevo,5,595,2016-01-09,1
Colombia-Magdalena-Tenerife,18,1003,2016-01-09,1
Colombia-Magdalena-Unknown,3,337,2016-01-09,1
Colombia-Magdalena-Zapayan,14,931,2016-01-09,1
Colombia-Magdalena-Zona_Bananera,16,1216,2016-01-09,1
Colombia-Meta-Acacias,1,6527,2016-01-09,1
Colombia-Meta-Barranca_De_Upia,0,102,2016-02-20,1
Colombia-Meta-Cabuyaro,0,246,2016-01-16,1
Colombia-Meta-Castilla_La_Nueva,0,514,2016-01-30,1
Colombia-Meta-Cubarral,0,107,2016-01-30,1
Colombia-Meta-Cumaral,0,638,2016-01-16,1
Colombia-Meta-El_Calvario,0,0,2016-01-09,0
Colombia-Meta-El_Castillo,0,117,2016-02-06,1
Colombia-Meta-El_Dorado,0,390,2016-02-20,1
Colombia-Meta-Fuente_De_Oro,0,335,2016-01-23,1
Colombia-Meta-Granada,0,3570,2016-01-16,1
Colombia-Meta-Guamal,1,993,2016-01-09,1
Colombia-Meta-La_Macarena,0,206,2016-02-20,1
Colombia-Meta-Lejanias,0,96,2016-03-19,1
Colombia-Meta-Mapiripan,0,106,2016-02-13,1
Colombia-Meta-Mesetas,0,223,2016-02-13,1
Colombia-Meta-Puerto_Concordia,0,61,2016-04-16,1
Colombia-Meta-Puerto_Gaitan,1,231,2016-01-09,1
Colombia-Meta-Puerto_Lleras,0,120,2016-01-30,1
Colombia-Meta-Puerto_Lopez,0,882,2016-02-13,1
Colombia-Meta-Puerto_Rico,0,678,2016-02-06,1
Colombia-Meta-Restrepo,1,478,2016-01-09,1
Colombia-Meta-San_Carlos_De_Guaroa,0,2020,2016-02-06,1
Colombia-Meta-San_Juan_De_Arama,0,590,2016-01-23,1
Colombia-Meta-San_Juanito,0,7,2016-05-14,1
Colombia-Meta-San_Martin,0,1280,2016-01-23,1
Colombia-Meta-Unknown,1,683,2016-01-09,1
Colombia-Meta-Uribe,0,75,2016-04-02,1
Colombia-Meta-Villavicencio,7,23193,2016-01-09,1
Colombia-Meta-Vistahermosa,0,1109,2016-01-23,1
Colombia-Narino-Alban,0,3,2016-06-11,1
Colombia-Narino-Aldana,0,0,2016-01-09,0
Colombia-Narino-Ancuya,0,0,2016-01-09,0
Colombia-Narino-Arboleda,0,0,2016-01-09,0
Colombia-Narino-Barbacoas,0,43,2016-01-23,1
Colombia-Narino-Belen,0,0,2016-01-09,0
Colombia-Narino-Buesaco,0,21,2016-02-06,1
Colombia-Narino-Chachagui,0,0,2016-01-09,0
Colombia-Narino-Colon,0,0,2016-01-09,0
Colombia-Narino-Consaca,0,0,2016-01-09,0
Colombia-Narino-Contadero,0,0,2016-01-09,0
Colombia-Narino-Cordoba,0,0,2016-01-09,0
Colombia-Narino-Cuaspud,0,0,2016-01-09,0
Colombia-Narino-Cumbal,0,0,2016-01-09,0
Colombia-Narino-Cumbitara,0,0,2016-01-09,0
Colombia-Narino-El_Charco,0,63,2016-03-12,1
Colombia-Narino-El_Penol,0,0,2016-01-09,0
Colombia-Narino-El_Rosario,0,4,2016-06-04,1
Colombia-Narino-El_Tablon_De_Gomez,0,0,2016-01-09,0
Colombia-Narino-El_Tambo,0,0,2016-01-09,0
Colombia-Narino-Francisco_Pizarro,0,20,2016-02-13,1
Colombia-Narino-Funes,0,0,2016-01-09,0
Colombia-Narino-Guachucal,0,0,2016-01-09,0
Colombia-Narino-Guaitarilla,0,5,2016-05-28,1
Colombia-Narino-Gualmatan,0,0,2016-01-09,0
Colombia-Narino-Iles,0,0,2016-01-09,0
Colombia-Narino-Imues,0,0,2016-01-09,0
Colombia-Narino-Ipiales,0,29,2016-01-23,1
Colombia-Narino-La_Cruz,0,0,2016-01-09,0
Colombia-Narino-La_Florida,0,0,2016-01-09,0
Colombia-Narino-La_Llanada,0,0,2016-01-09,0
Colombia-Narino-La_Tola,0,7,2016-05-14,1
Colombia-Narino-La_Union,0,0,2016-01-09,0
Colombia-Narino-Leiva,0,0,2016-01-09,0
Colombia-Narino-Linares,0,0,2016-01-09,0
Colombia-Narino-Los_Andes,0,0,2016-01-09,0
Colombia-Narino-Magsi,0,0,2016-01-09,0
Colombia-Narino-Mallama,0,0,2016-01-09,0
Colombia-Narino-Mosquera,0,0,2016-01-09,0
Colombia-Narino-Narino,0,40,2016-02-06,1
Colombia-Narino-Olaya_Herrera,0,0,2016-01-09,0
Colombia-Narino-Ospina,0,0,2016-01-09,0
Colombia-Narino-Pasto,0,85,2016-02-13,1
Colombia-Narino-Policarpa,0,15,2016-03-19,1
Colombia-Narino-Potosi,0,0,2016-01-09,0
Colombia-Narino-Providencia,0,21,2016-02-06,1
Colombia-Narino-Puerres,0,14,2016-03-26,1
Colombia-Narino-Pupiales,0,0,2016-01-09,0
Colombia-Narino-Ricaurte,0,0,2016-01-09,0
Colombia-Narino-Roberto_Payan,0,0,2016-01-09,0
Colombia-Narino-Samaniego,0,0,2016-01-09,0
Colombia-Narino-San_Andres_De_Tumaco,2,261,2016-01-09,1
Colombia-Narino-San_Bernardo,0,0,2016-01-09,0
Colombia-Narino-San_Lorenzo,0,16,2016-03-19,1
Colombia-Narino-San_Pablo,0,9,2016-04-30,1
Colombia-Narino-San_Pedro_De_Cartago,0,13,2016-04-02,1
Colombia-Narino-Sandona,0,20,2016-02-13,1
Colombia-Narino-Santa_Barbara,1,25,2016-01-09,1
Colombia-Narino-Santacruz,0,0,2016-01-09,0
Colombia-Narino-Sapuyes,0,0,2016-01-09,0
Colombia-Narino-Taminango,5,171,2016-01-09,1
Colombia-Narino-Tangua,0,0,2016-01-09,0
Colombia-Narino-Tuquerres,0,0,2016-01-09,0
Colombia-Narino-Unknown,0,38,2016-03-26,1
Colombia-Narino-Yacuanquer,0,30,2016-02-06,1
Colombia-Norte_Santander-Abrego,1,742,2016-01-09,1
Colombia-Norte_Santander-Arboledas,1,1151,2016-01-09,1
Colombia-Norte_Santander-Bochalema,2,1882,2016-01-09,1
Colombia-Norte_Santander-Bucarasica,1,69,2016-01-09,1
Colombia-Norte_Santander-Cachira,2,80,2016-01-09,1
Colombia-Norte_Santander-Cacota,0,0,2016-01-09,0
Colombia-Norte_Santander-Chinacota,1,1955,2016-01-09,1
Colombia-Norte_Santander-Chitaga,1,30,2016-01-09,1
Colombia-Norte_Santander-Convencion,0,43,2016-01-30,1
Colombia-Norte_Santander-Cucuta,1917,135383,2016-01-09,1
Colombia-Norte_Santander-Cucutilla,0,570,2016-02-06,1
Colombia-Norte_Santander-Durania,1,1287,2016-01-09,1
Colombia-Norte_Santander-El_Carmen,0,280,2016-01-30,1
Colombia-Norte_Santander-El_Tarra,4,622,2016-01-09,1
Colombia-Norte_Santander-El_Zulia,111,5159,2016-01-09,1
Colombia-Norte_Santander-Gramalote,3,447,2016-01-09,1
Colombia-Norte_Santander-Hacari,1,152,2016-01-09,1
Colombia-Norte_Santander-Herran,0,33,2016-02-27,1
Colombia-Norte_Santander-La_Esperanza,0,200,2016-01-23,1
Colombia-Norte_Santander-La_Playa,0,239,2016-02-13,1
Colombia-Norte_Santander-Labateca,3,470,2016-01-09,1
Colombia-Norte_Santander-Los_Patios,215,17893,2016-01-09,1
Colombia-Norte_Santander-Lourdes,0,71,2016-02-06,1
Colombia-Norte_Santander-Mutiscua,0,5,2016-02-27,1
Colombia-Norte_Santander-Ocana,4,4082,2016-01-09,1
Colombia-Norte_Santander-Pamplona,3,98,2016-01-09,1
Colombia-Norte_Santander-Pamplonita,0,90,2016-01-23,1
Colombia-Norte_Santander-Puerto_Santander,25,1036,2016-01-09,1
Colombia-Norte_Santander-Ragonvalia,3,202,2016-01-09,1
Colombia-Norte_Santander-Salazar,8,1907,2016-01-09,1
Colombia-Norte_Santander-San_Calixto,1,43,2016-01-09,1
Colombia-Norte_Santander-San_Cayetano,19,800,2016-01-09,1
Colombia-Norte_Santander-Santiago,7,2675,2016-01-09,1
Colombia-Norte_Santander-Sardinata,13,3464,2016-01-09,1
Colombia-Norte_Santander-Silos,0,0,2016-01-09,0
Colombia-Norte_Santander-Teorama,1,85,2016-01-09,1
Colombia-Norte_Santander-Tibu,10,3791,2016-01-09,1
Colombia-Norte_Santander-Toledo,0,175,2016-01-23,1
Colombia-Norte_Santander-Unknown,2,505,2016-01-09,1
Colombia-Norte_Santander-Villa_Caro,0,32,2016-02-06,1
Colombia-Norte_Santander-Villa_Del_Rosario,93,14628,2016-01-09,1
Colombia-Putumayo-Colon,0,7,2016-06-18,1
Colombia-Putumayo-Leguizamo,0,688,2016-02-06,1
Colombia-Putumayo-Mocoa,9,927,2016-01-09,1
Colombia-Putumayo-Orito,1,796,2016-01-09,1
Colombia-Putumayo-Puerto_Asis,11,2997,2016-01-09,1
Colombia-Putumayo-Puerto_Caicedo,1,116,2016-01-09,1
Colombia-Putumayo-Puerto_Guzman,12,893,2016-01-09,1
Colombia-Putumayo-San_Francisco,0,5,2016-06-18,1
Colombia-Putumayo-San_Miguel,1,252,2016-01-09,1
Colombia-Putumayo-Santiago,0,7,2016-06-18,1
Colombia-Putumayo-Sibundoy,0,0,2016-01-09,0
Colombia-Putumayo-Unknown,2,172,2016-01-09,1
Colombia-Putumayo-Valle_Del_Guamuez,1,301,2016-01-09,1
Colombia-Putumayo-Villagarzon,1,425,2016-01-09,1
Colombia-Quindio-Armenia,6,1960,2016-01-09,1
Colombia-Quindio-Buenavista,0,14,2016-03-19,1
Colombia-Quindio-Calarca,0,446,2016-02-27,1
Colombia-Quindio-Circasia,0,147,2016-01-30,1
Colombia-Quindio-Cordoba,0,25,2016-01-16,1
Colombia-Quindio-Filandia,0,39,2016-02-06,1
Colombia-Quindio-Genova,0,0,2016-01-09,0
Colombia-Quindio-La_Tebaida,0,254,2016-01-23,1
Colombia-Quindio-Montenegro,0,1139,2016-01-16,1
Colombia-Quindio-Pijao,0,0,2016-01-09,0
Colombia-Quindio-Quimbaya,0,394,2016-01-16,1
Colombia-Quindio-Salento,0,0,2016-01-09,0
Colombia-Quindio-Unknown,0,146,2016-01-23,1
Colombia-Risaralda-Apia,0,13,2016-04-02,1
Colombia-Risaralda-Balboa,1,1229,2016-01-09,1
Colombia-Risaralda-Belen_De_Umbria,2,126,2016-01-09,1
Colombia-Risaralda-Dosquebradas,6,2629,2016-01-09,1
Colombia-Risaralda-Guatica,0,0,2016-01-09,0
Colombia-Risaralda-La_Celia,5,199,2016-01-09,1
Colombia-Risaralda-La_Virginia,24,6267,2016-01-09,1
Colombia-Risaralda-Marsella,1,220,2016-01-09,1
Colombia-Risaralda-Mistrato,2,39,2016-01-09,1
Colombia-Risaralda-Pereira,24,5803,2016-01-09,1
Colombia-Risaralda-Pueblo_Rico,1,25,2016-01-09,1
Colombia-Risaralda-Quinchia,0,27,2016-02-20,1
Colombia-Risaralda-Santa_Rosa_De_Cabal,1,72,2016-01-09,1
Colombia-Risaralda-Santuario,1,91,2016-01-09,1
Colombia-Risaralda-Unknown,0,1,2016-05-21,1
Colombia-San_Andres-Providencia,32,599,2016-01-09,1
Colombia-San_Andres-San_Andres,651,24579,2016-01-09,1
Colombia-San_Andres-Unknown,3,323,2016-01-09,1
Colombia-Santander-Aguada,0,0,2016-01-09,0
Colombia-Santander-Albania,0,0,2016-01-09,0
Colombia-Santander-Aratoca,0,17,2016-04-02,1
Colombia-Santander-Barbosa,1,834,2016-01-09,1
Colombia-Santander-Barichara,0,183,2016-01-30,1
Colombia-Santander-Barrancabermeja,4,8309,2016-01-09,1
Colombia-Santander-Betulia,0,48,2016-03-12,1
Colombia-Santander-Bolivar,0,0,2016-01-09,0
Colombia-Santander-Bucaramanga,11,36021,2016-01-09,1
Colombia-Santander-Cabrera,0,0,2016-01-09,0
Colombia-Santander-California,0,0,2016-01-09,0
Colombia-Santander-Capitanejo,1,4003,2016-01-09,1
Colombia-Santander-Carcasi,0,0,2016-01-09,0
Colombia-Santander-Cepita,0,132,2016-04-16,1
Colombia-Santander-Cerrito,0,7,2016-04-09,1
Colombia-Santander-Charala,0,83,2016-02-06,1
Colombia-Santander-Charta,0,10,2016-05-28,1
Colombia-Santander-Chima,0,0,2016-01-09,0
Colombia-Santander-Chipata,0,0,2016-01-09,0
Colombia-Santander-Cimitarra,3,397,2016-01-09,1
Colombia-Santander-Concepcion,0,27,2016-01-30,1
Colombia-Santander-Confines,0,0,2016-01-09,0
Colombia-Santander-Contratacion,0,2,2016-01-30,1
Colombia-Santander-Coromoro,0,6,2016-05-21,1
Colombia-Santander-Curiti,0,77,2016-02-06,1
Colombia-Santander-El_Carmen_De_Chucuri,0,39,2016-03-26,1
Colombia-Santander-El_Guacamayo,0,0,2016-01-09,0
Colombia-Santander-El_Penon,0,0,2016-01-09,0
Colombia-Santander-El_Playon,0,1214,2016-01-30,1
Colombia-Santander-Encino,0,0,2016-01-09,0
Colombia-Santander-Enciso,0,0,2016-01-09,0
Colombia-Santander-Florian,0,0,2016-01-09,0
Colombia-Santander-Floridablanca,2,15867,2016-01-09,1
Colombia-Santander-Galan,0,178,2016-03-26,1
Colombia-Santander-Gambita,0,8,2016-05-07,1
Colombia-Santander-Giron,0,9044,2016-01-23,1
Colombia-Santander-Gsepsa,0,27,2016-02-06,1
Colombia-Santander-Guaca,0,46,2016-03-05,1
Colombia-Santander-Guadalupe,0,109,2016-02-20,1
Colombia-Santander-Guapota,0,0,2016-01-09,0
Colombia-Santander-Guavata,0,20,2016-03-19,1
Colombia-Santander-Hato,0,0,2016-01-09,0
Colombia-Santander-Jesus_Maria,0,21,2016-02-06,1
Colombia-Santander-Jordan,0,1,2016-06-25,1
Colombia-Santander-La_Belleza,0,32,2016-02-06,1
Colombia-Santander-La_Paz,0,34,2016-02-27,1
Colombia-Santander-Landazuri,0,0,2016-01-09,0
Colombia-Santander-Lebrija,5,952,2016-01-09,1
Colombia-Santander-Los_Santos,0,108,2016-02-06,1
Colombia-Santander-Macaravita,0,0,2016-01-09,0
Colombia-Santander-Malaga,0,73,2016-02-20,1
Colombia-Santander-Matanza,0,37,2016-02-13,1
Colombia-Santander-Mogotes,0,0,2016-01-09,0
Colombia-Santander-Molagavita,0,17,2016-04-09,1
Colombia-Santander-Ocamonte,0,0,2016-01-09,0
Colombia-Santander-Oiba,0,51,2016-01-23,1
Colombia-Santander-Onzaga,0,11,2016-04-30,1
Colombia-Santander-Palmar,1,76,2016-01-09,1
Colombia-Santander-Palmas_Del_Socorro,0,49,2016-02-27,1
Colombia-Santander-Paramo,0,43,2016-01-30,1
Colombia-Santander-Piedecuesta,2,5665,2016-01-09,1
Colombia-Santander-Pinchote,0,33,2016-03-05,1
Colombia-Santander-Puente_Nacional,0,27,2016-01-16,1
Colombia-Santander-Puerto_Parra,0,25,2016-03-05,1
Colombia-Santander-Puerto_Wilches,0,283,2016-01-16,1
Colombia-Santander-Rionegro,0,543,2016-02-06,1
Colombia-Santander-Sabana_De_Torres,4,2085,2016-01-09,1
Colombia-Santander-San_Andres,2,760,2016-01-09,1
Colombia-Santander-San_Benito,0,205,2016-03-05,1
Colombia-Santander-San_Gil,0,398,2016-01-16,1
Colombia-Santander-San_Joaquin,0,82,2016-01-30,1
Colombia-Santander-San_Jose_De_Miranda,0,32,2016-04-16,1
Colombia-Santander-San_Miguel,1,81,2016-01-09,1
Colombia-Santander-San_Vicente_De_Chucuri,1,685,2016-01-09,1
Colombia-Santander-Santa_Barbara,0,0,2016-01-09,0
Colombia-Santander-Santa_Helena_Del_Opon,0,3,2016-06-18,1
Colombia-Santander-Simacota,0,142,2016-01-30,1
Colombia-Santander-Socorro,1,1237,2016-01-09,1
Colombia-Santander-Suaita,1,125,2016-01-09,1
Colombia-Santander-Sucre,0,16,2016-03-12,1
Colombia-Santander-Surata,0,0,2016-01-09,0
Colombia-Santander-Tona,0,4,2016-06-04,1
Colombia-Santander-Unknown,0,247,2016-01-23,1
Colombia-Santander-Valle_De_San_Jose,0,30,2016-02-20,1
Colombia-Santander-Velez,0,125,2016-02-06,1
Colombia-Santander-Vetas,0,0,2016-01-09,0
Colombia-Santander-Villanueva,0,0,2016-01-09,0
Colombia-Santander-Zapatoca,0,77,2016-02-20,1
Colombia-Sta_Marta_D.E.-Santa_Marta,909,42620,2016-01-09,1
Colombia-Sucre-Buenavista,31,973,2016-01-09,1
Colombia-Sucre-Caimito,0,0,2016-01-09,0
Colombia-Sucre-Chalan,0,115,2016-01-23,1
Colombia-Sucre-Coloso,12,387,2016-01-09,1
Colombia-Sucre-Corozal,61,3009,2016-01-09,1
Colombia-Sucre-Covenas,3,610,2016-01-09,1
Colombia-Sucre-El_Roble,1,163,2016-01-09,1
Colombia-Sucre-Galeras,0,70,2016-02-06,1
Colombia-Sucre-Guaranda,0,54,2016-02-06,1
Colombia-Sucre-La_Union,9,504,2016-01-09,1
Colombia-Sucre-Los_Palmitos,1,43,2016-01-09,1
Colombia-Sucre-Majagual,0,327,2016-01-16,1
Colombia-Sucre-Morroa,28,895,2016-01-09,1
Colombia-Sucre-Ovejas,3,142,2016-01-09,1
Colombia-Sucre-Palmito,1,159,2016-01-09,1
Colombia-Sucre-Sampues,12,840,2016-01-09,1
Colombia-Sucre-San_Benito_Abad,0,88,2016-01-30,1
Colombia-Sucre-San_Juan_De_Betulia,13,807,2016-01-09,1
Colombia-Sucre-San_Luis_De_Since,1,307,2016-01-09,1
Colombia-Sucre-San_Marcos,33,1742,2016-01-09,1
Colombia-Sucre-San_Onofre,1,220,2016-01-09,1
Colombia-Sucre-San_Pedro,8,216,2016-01-09,1
Colombia-Sucre-Santiago_De_Tolu,49,265,2016-01-09,1
Colombia-Sucre-Sincelejo,502,18873,2016-01-09,1
Colombia-Sucre-Sucre,1,525,2016-01-09,1
Colombia-Sucre-Tolu,78,2501,2016-02-13,1
Colombia-Sucre-Tolu_Viejo,10,69,2016-01-09,1
Colombia-Sucre-Toluviejo,41,904,2016-02-13,1
Colombia-Sucre-Unknown,4,165,2016-01-09,1
Colombia-Tolima-Alpujarra,2,346,2016-01-09,1
Colombia-Tolima-Alvarado,35,963,2016-01-09,1
Colombia-Tolima-Ambalema,3,148,2016-01-09,1
Colombia-Tolima-Anzoategui,1,26,2016-01-09,1
Colombia-Tolima-Armero,0,22,2016-01-16,1
Colombia-Tolima-Armero_(Guayabal),6,158,2016-02-13,1
Colombia-Tolima-Ataco,0,502,2016-01-16,1
Colombia-Tolima-Cajamarca,0,194,2016-02-20,1
Colombia-Tolima-Carmen_De_Apicala,28,2644,2016-01-09,1
Colombia-Tolima-Casabianca,0,37,2016-06-18,1
Colombia-Tolima-Chaparral,15,4918,2016-01-09,1
Colombia-Tolima-Coello,4,410,2016-01-09,1
Colombia-Tolima-Coyaima,3,1131,2016-01-09,1
Colombia-Tolima-Cunday,0,244,2016-01-16,1
Colombia-Tolima-Dolores,0,1992,2016-01-23,1
Colombia-Tolima-Espinal,226,8578,2016-01-09,1
Colombia-Tolima-Falan,0,484,2016-01-30,1
Colombia-Tolima-Flandes,182,5542,2016-01-09,1
Colombia-Tolima-Fresno,0,249,2016-01-30,1
Colombia-Tolima-Guamo,13,1744,2016-01-09,1
Colombia-Tolima-Herveo,0,26,2016-02-27,1
Colombia-Tolima-Honda,7,585,2016-01-09,1
Colombia-Tolima-Ibague,135,61625,2016-01-09,1
Colombia-Tolima-Icononzo,0,1633,2016-01-16,1
Colombia-Tolima-Lerida,16,1015,2016-01-09,1
Colombia-Tolima-Libano,0,635,2016-01-16,1
Colombia-Tolima-Mariquita,14,1479,2016-01-09,1
Colombia-Tolima-Melgar,73,6235,2016-01-09,1
Colombia-Tolima-Murillo,0,3,2016-06-18,1
Colombia-Tolima-Natagaima,32,1212,2016-01-09,1
Colombia-Tolima-Ortega,4,449,2016-01-09,1
Colombia-Tolima-Palocabildo,0,97,2016-01-30,1
Colombia-Tolima-Piedras,8,1095,2016-01-09,1
Colombia-Tolima-Planadas,2,141,2016-01-09,1
Colombia-Tolima-Prado,4,531,2016-01-09,1
Colombia-Tolima-Purificacion,21,2960,2016-01-09,1
Colombia-Tolima-Rioblanco,0,84,2016-02-20,1
Colombia-Tolima-Roncesvalles,0,0,2016-01-09,0
Colombia-Tolima-Rovira,0,999,2016-01-30,1
Colombia-Tolima-Saldana,5,585,2016-01-09,1
Colombia-Tolima-San_Antonio,2,3022,2016-01-09,1
Colombia-Tolima-San_Luis,2,313,2016-01-09,1
Colombia-Tolima-Santa_Isabel,0,20,2016-04-09,1
Colombia-Tolima-Suarez,0,255,2016-01-16,1
Colombia-Tolima-Unknown,9,2875,2016-01-09,1
Colombia-Tolima-Valle_De_San_Juan,2,133,2016-01-09,1
Colombia-Tolima-Venadillo,1,153,2016-01-09,1
Colombia-Tolima-Villahermosa,1,52,2016-01-09,1
Colombia-Tolima-Villarrica,0,498,2016-02-20,1
Colombia-Valle_Del_Cauca-Alcala,0,662,2016-01-16,1
Colombia-Valle_Del_Cauca-Andalucia,0,561,2016-01-23,1
Colombia-Valle_Del_Cauca-Ansermanuevo,1,2751,2016-01-09,1
Colombia-Valle_Del_Cauca-Argelia,0,171,2016-03-05,1
Colombia-Valle_Del_Cauca-Bolivar,0,1219,2016-02-06,1
Colombia-Valle_Del_Cauca-Buenaventura,0,6129,2016-01-16,1
Colombia-Valle_Del_Cauca-Bugalagrande,1,329,2016-01-09,1
Colombia-Valle_Del_Cauca-Caicedonia,0,582,2016-01-30,1
Colombia-Valle_Del_Cauca-Cali,12,123757,2016-01-09,1
Colombia-Valle_Del_Cauca-Calima,0,106,2016-02-13,1
Colombia-Valle_Del_Cauca-Candelaria,0,3224,2016-01-16,1
Colombia-Valle_Del_Cauca-Cartago,2,16764,2016-01-09,1
Colombia-Valle_Del_Cauca-Dagua,0,685,2016-02-20,1
Colombia-Valle_Del_Cauca-El_Aguila,0,159,2016-02-06,1
Colombia-Valle_Del_Cauca-El_Cairo,0,192,2016-03-05,1
Colombia-Valle_Del_Cauca-El_Cerrito,0,5170,2016-01-30,1
Colombia-Valle_Del_Cauca-El_Dovio,0,11,2016-04-30,1
Colombia-Valle_Del_Cauca-Florida,0,508,2016-01-23,1
Colombia-Valle_Del_Cauca-Ginebra,0,950,2016-01-23,1
Colombia-Valle_Del_Cauca-Guacari,0,629,2016-02-13,1
Colombia-Valle_Del_Cauca-Guadalajara_De_Buga,0,20036,2016-01-16,1
Colombia-Valle_Del_Cauca-Jamundi,0,1120,2016-01-23,1
Colombia-Valle_Del_Cauca-La_Cumbre,0,76,2016-03-12,1
Colombia-Valle_Del_Cauca-La_Union,0,1916,2016-01-23,1
Colombia-Valle_Del_Cauca-La_Victoria,0,3677,2016-02-27,1
Colombia-Valle_Del_Cauca-Obando,0,1775,2016-02-27,1
Colombia-Valle_Del_Cauca-Palmira,1,19125,2016-01-09,1
Colombia-Valle_Del_Cauca-Pradera,0,2433,2016-01-23,1
Colombia-Valle_Del_Cauca-Restrepo,0,245,2016-01-30,1
Colombia-Valle_Del_Cauca-Riofrio,0,332,2016-01-30,1
Colombia-Valle_Del_Cauca-Roldanillo,0,7919,2016-01-16,1
Colombia-Valle_Del_Cauca-San_Pedro,0,329,2016-02-13,1
Colombia-Valle_Del_Cauca-Sevilla,1,163,2016-01-09,1
Colombia-Valle_Del_Cauca-Toro,1,4469,2016-01-09,1
Colombia-Valle_Del_Cauca-Trujillo,0,232,2016-02-13,1
Colombia-Valle_Del_Cauca-Tulua,2,10410,2016-01-09,1
Colombia-Valle_Del_Cauca-Ulloa,0,69,2016-02-13,1
Colombia-Valle_Del_Cauca-Unknown,0,1541,2016-02-13,1
Colombia-Valle_Del_Cauca-Versalles,2,362,2016-01-09,1
Colombia-Valle_Del_Cauca-Vijes,0,3259,2016-01-16,1
Colombia-Valle_Del_Cauca-Yotoco,0,657,2016-01-16,1
Colombia-Valle_Del_Cauca-Yumbo,1,11333,2016-01-09,1
Colombia-Valle_Del_Cauca-Zarzal,0,10159,2016-01-30,1
Colombia-Vaupes-Caruru,0,0,2016-01-09,0
Colombia-Vaupes-Mitu,0,176,2016-02-06,1
Colombia-Vaupes-Pacoa,0,0,2016-01-09,0
Colombia-Vaupes-Papunaua,0,0,2016-01-09,0
Colombia-Vaupes-Taraira,0,0,2016-01-09,0
Colombia-Vaupes-Unknown,0,0,2016-01-09,0
Colombia-Vaupes-Yavarate,0,0,2016-01-09,0
Colombia-Vichada-Cumaribo,0,292,2016-02-13,1
Colombia-Vichada-La_Primavera,3,233,2016-01-09,1
Colombia-Vichada-Puerto_Carreno,0,115,2016-01-23,1
Colombia-Vichada-Santa_Rosalia,0,53,2016-04-02,1
Colombia-Vichada-Unknown,0,21,2016-02-27,1
Dominican_Republic,0,49553,2016-01-23,1
Dominican_Republic-Azua,5,1742,2016-02-20,1
Dominican_Republic-Azua-Compostela,1,1,2016-02-06,1
Dominican_Republic-Baoruco,8,123,2016-03-26,1
Dominican_Republic-Barahona,2,552,2016-02-13,1
Dominican_Republic-Dajabon,0,39,2016-04-30,1
Dominican_Republic-Distrito_Nacional,8,10092,2016-01-30,1
Dominican_Republic-Duarte,1,413,2016-03-19,1
Dominican_Republic-El_Seibo,2,57,2016-03-26,1
Dominican_Republic-Elias_Pina,0,49,2016-04-30,1
Dominican_Republic-Espaillat,1,401,2016-03-12,1
Dominican_Republic-Extranjera,0,0,2016-03-26,0
Dominican_Republic-Hato_Mayor,1,372,2016-03-26,1
Dominican_Republic-Hermanas_Mirabal,1,126,2016-03-12,1
Dominican_Republic-Independencia,4,904,2016-02-13,1
Dominican_Republic-Jimani_de_Independencia,14,14,2016-01-30,1
Dominican_Republic-La_Altagracia,2,402,2016-03-19,1
Dominican_Republic-La_Romana,1,474,2016-03-19,1
Dominican_Republic-La_Vega,1,562,2016-03-12,1
Dominican_Republic-Luperon-Puerto_Plata,1,1,2016-02-06,1
Dominican_Republic-Maria_Trinidad_Sanchez,2,186,2016-03-19,1
Dominican_Republic-Monsenor_Nouel,4,323,2016-03-26,1
Dominican_Republic-Monte_Cristi,1,179,2016-03-12,1
Dominican_Republic-Monte_Plata,6,381,2016-03-26,1
Dominican_Republic-Other,17,55,2016-02-20,1
Dominican_Republic-Pedernales,1,154,2016-03-19,1
Dominican_Republic-Peravia,1,379,2016-03-12,1
Dominican_Republic-Puerto_Plata,2,1402,2016-02-13,1
Dominican_Republic-Samana,0,171,2016-04-16,1
Dominican_Republic-San_Cristobal,7,1772,2016-03-12,1
Dominican_Republic-San_Jose_de_Ocoa,1,230,2016-03-26,1
Dominican_Republic-San_Juan,2,189,2016-03-26,1
Dominican_Republic-San_Pedro_de_Macoris,2,433,2016-03-12,1
Dominican_Republic-Sanchez_Ramirez,5,228,2016-03-26,1
Dominican_Republic-Santa_Cruz-Barahona,7,7,2016-01-30,1
Dominican_Republic-Santiago,1,964,2016-02-13,1
Dominican_Republic-Santiago-Caballeros,1,1,2016-02-06,1
Dominican_Republic-Santiago-Rodriguez,0,122,2016-04-23,1
Dominican_Republic-Santo_Domingo,40,20715,2016-02-13,1
Dominican_Republic-Santo_Domingo_Este,4,4,2016-02-06,1
Dominican_Republic-Santo_Domingo_Norte,3,3,2016-01-30,1
Dominican_Republic-Santo_Domingo_Oeste,1,1,2016-02-06,1
Dominican_Republic-Valverde,1,965,2016-03-12,1
Ecuador,260,7276,2016-03-30,1
Ecuador-Azuay-Cuenca,1,12,2016-03-30,1
Ecuador-Bolivar,6,11,2016-03-30,1
Ecuador-Canar,1,5,2016-04-06,1
Ecuador-Carchi,1,8,2016-04-13,1
Ecuador-Chimborazo,1,1,2016-05-18,1
Ecuador-Chimborazo-Chunchi,1,13,2016-03-30,1
Ecuador-Cotopaxi,2,10,2016-03-30,1
Ecuador-El_Oro,1,121,2016-03-30,1
Ecuador-El_Oro-Machala,2,28,2016-03-30,1
Ecuador-El_Oro-Pasaje,1,12,2016-03-30,1
Ecuador-El_Oro-Santa_Rosa,1,2,2016-06-22,1
Ecuador-Esmeraldas,11,563,2016-03-30,1
Ecuador-Esmeraldas-Esmeraldas,2,258,2016-03-30,1
Ecuador-Esmeraldas-Quininde,1,16,2016-05-25,1
Ecuador-Esmeraldas-San_Lorenzo,3,6,2016-06-22,1
Ecuador-Galapagos,5,27,2016-03-30,1
Ecuador-Galapagos-Santa_Cruz,2,24,2016-03-30,1
Ecuador-Guayas,8,122,2016-03-30,1
Ecuador-Guayas-Daule,1,12,2016-03-30,1
Ecuador-Guayas-General_Antonio_Elizalde,1,6,2016-03-30,1
Ecuador-Guayas-General_Antonio_Elizalde ,1,6,2016-05-18,1
Ecuador-Guayas-Guayaquil,16,221,2016-03-30,1
Ecuador-Imbabura,1,4,2016-04-13,1
Ecuador-Loja,1,11,2016-04-06,1
Ecuador-Los_Rios,9,113,2016-03-30,1
Ecuador-Los_Rios-Buena_Fe,2,24,2016-03-30,1
Ecuador-Los_Rios-Jaramijo,1,4,2016-05-18,1
Ecuador-Los_Rios-Quevedo,1,12,2016-03-30,1
Ecuador-Los_Rios-Ventanas,6,74,2016-03-30,1
Ecuador-Los_Rios-Vinces,1,12,2016-03-30,1
Ecuador-Manabi,9,793,2016-03-30,1
Ecuador-Manabi-24_de_Mayo,1,2,2016-06-22,1
Ecuador-Manabi-Jaramijo,4,26,2016-06-01,1
Ecuador-Manabi-Jipijapa,1,5,2016-06-15,1
Ecuador-Manabi-Manta,2,451,2016-03-30,1
Ecuador-Manabi-Montecristi,1,79,2016-04-27,1
Ecuador-Manabi-Pedernales,1,12,2016-03-30,1
Ecuador-Manabi-Portoviejo,21,855,2016-03-30,1
Ecuador-Manabi-Rocafuerte,1,32,2016-03-30,1
Ecuador-Manabi-San_Vicente,1,2,2016-06-22,1
Ecuador-Manabi-Santa_Ana,1,3,2016-06-15,1
Ecuador-Manabi-Sucre,1,8,2016-06-01,1
Ecuador-Napo,1,4,2016-04-06,1
Ecuador-Orellana,1,56,2016-03-30,1
Ecuador-Orellana_Joya_de_los_Sachas,1,12,2016-03-30,1
Ecuador-Pichincha,20,169,2016-03-30,1
Ecuador-Pichincha-Mejia,1,12,2016-03-30,1
Ecuador-Pichincha-Quito,20,254,2016-03-30,1
Ecuador-Santa_Elena,8,15,2016-03-30,1
Ecuador-Santo_Domingo_de_los_Tsachilas,1,24,2016-03-30,1
Ecuador-Santo_Domingo_de_los_Tsachilas-La_Concordia,2,30,2016-03-30,1
Ecuador-Santo_Domingo_de_los_Tsachilas-Santo_Domingo,2,41,2016-03-30,1
Ecuador-Sucumbios,1,49,2016-03-30,1
Ecuador-Sucumbios-Shushufindi,1,22,2016-03-30,1
Ecuador-Tungurahua,1,1,2016-05-18,1
El_Salvador,854,233144,2015-11-28,1
El_Salvador-Ahuachapan,4,2421,2015-11-28,1
El_Salvador-Cabanas,3,5767,2015-11-28,1
El_Salvador-Chalatenango,8,8833,2015-11-28,1
El_Salvador-Cuscatlan,4,9106,2015-11-28,1
El_Salvador-Guatemala,3,55,2016-01-30,1
El_Salvador-Honduras,5,5,2016-04-23,1
El_Salvador-La_Libertad,62,18898,2015-11-28,1
El_Salvador-La_Paz,1,2453,2015-11-28,1
El_Salvador-La_Union,4,702,2015-11-28,1
El_Salvador-Morazan,4,2020,2015-11-28,1
El_Salvador-San_Miguel,16,2560,2015-11-28,1
El_Salvador-San_Salvador,553,48100,2015-11-28,1
El_Salvador-San_Vicente,38,6071,2015-11-28,1
El_Salvador-Santa_Ana,9,10033,2015-11-28,1
El_Salvador-Sonsonate,3,1254,2015-11-28,1
El_Salvador-Usulutan,28,2609,2015-11-28,1
Guatemala,31,4923,2015-12-09,1
Guatemala-Alta_Verapaz,1,11,2016-01-14,1
Guatemala-Baja_Verapaz,1,16,2016-02-23,1
Guatemala-Central,1,114,2016-02-16,1
Guatemala-Chiquimula,1,302,2015-12-09,1
Guatemala-El_Progreso,1,30,2016-01-26,1
Guatemala-El_Quiche,5,26,2016-03-01,1
Guatemala-Escuintla,7,179,2015-12-09,1
Guatemala-Ixcan,1,9,2016-02-23,1
Guatemala-Izabal,8,192,2016-01-14,1
Guatemala-Jalapa,4,23,2016-01-14,1
Guatemala-Jutiapa,1,140,2015-12-16,1
Guatemala-Nor_Occidente,1,43,2016-01-19,1
Guatemala-Nor_Oriente,2,35,2015-12-23,1
Guatemala-Peten_Norte,1,19,2016-01-14,1
Guatemala-Peten_Sur_Occidental,1,14,2016-03-01,1
Guatemala-Peten_Sur_Oriental,1,105,2016-01-19,1
Guatemala-Quetzaltenango,7,1386,2016-01-14,1
Guatemala-Quiche,5,5,2016-02-23,1
Guatemala-Retalhuleu,1,251,2016-02-02,1
Guatemala-Sacatepequez,2,27,2016-02-09,1
Guatemala-San_Marcos,2,346,2016-01-14,1
Guatemala-Santa_Rosa,1,383,2016-01-26,1
Guatemala-Solola,1,3,2016-03-08,1
Guatemala-Suchitepequez,1,444,2015-12-09,1
Guatemala-Sur,1,53,2016-01-14,1
Guatemala-Zacapa,22,1203,2015-12-09,1
Haiti,329,329,2016-02-03,1
Haiti-Artibonite,112,112,2016-02-03,1
Haiti-Artibonite-Desssalines_Marchand,1,1,2016-02-03,1
Haiti-Artibonite-Ennery,7,7,2016-02-03,1
Haiti-Artibonite-Gonaives,3,3,2016-02-03,1
Haiti-Artibonite-Verrettes,42,42,2016-02-03,1
Haiti-Centre,79,79,2016-02-03,1
Haiti-Centre-Hinche,7,7,2016-02-03,1
Haiti-Centre-Maissade,3,3,2016-02-03,1
Haiti-Centre-Mirebalais,22,22,2016-02-03,1
Haiti-Grande_Anse,12,12,2016-02-03,1
Haiti-Grande_Anse-Corail,1,1,2016-02-03,1
Haiti-Grande_Anse-Dame_Marie,3,3,2016-02-03,1
Haiti-Grande_Anse-Roseaux,2,2,2016-02-03,1
Haiti-Nippes,23,23,2016-02-03,1
Haiti-Nippes-Fond_Des_Negres,7,7,2016-02-03,1
Haiti-Nippes-Miragoane,1,1,2016-02-03,1
Haiti-Nord,99,99,2016-02-03,1
Haiti-Nord-Cap_Haitien,6,6,2016-02-03,1
Haiti-Nord-Limbe,2,2,2016-02-03,1
Haiti-Nord-Milot,2,2,2016-02-03,1
Haiti-Nord-Pignon,3,3,2016-02-03,1
Haiti-Nord-Plaine_du_Nord,12,12,2016-02-03,1
Haiti-Nord-Plaisance,4,4,2016-02-03,1
Haiti-Nord_Est,10,10,2016-02-03,1
Haiti-Nord_Est-Ouanaminthe,4,4,2016-02-03,1
Haiti-Nord_Ouest,7,7,2016-02-03,1
Haiti-Nord_Ouest-La_Tortue,2,2,2016-02-03,1
Haiti-Nord_Ouest-Saint_Louis_du_Nord,1,1,2016-02-03,1
Haiti-Ouest,156,156,2016-02-03,1
Haiti-Ouest-Carrefour,8,8,2016-02-03,1
Haiti-Ouest-Croix_des_Bouquets,1,1,2016-02-03,1
Haiti-Ouest-Delmas,13,13,2016-02-03,1
Haiti-Ouest-Petion_Ville,31,31,2016-02-03,1
Haiti-Ouest-Petit_Goave,2,2,2016-02-03,1
Haiti-Ouest-Port_au_Prince,1,1,2016-02-03,1
Haiti-Sud,19,19,2016-02-03,1
Haiti-Sud-Aquin,8,8,2016-02-03,1
Haiti-Sud_Est,16,16,2016-02-03,1
Haiti-Sud_Est-Anse_A_Pitres,1,1,2016-02-03,1
Haiti-Sud_Est-Cotes_de_Fer,3,3,2016-02-03,1
Haiti-Sud_Est-Marigot,1,1,2016-02-03,1
Mexico-Aguascalientes,0,0,2015-11-28,0
Mexico-Baja_California,0,0,2015-11-28,0
Mexico-Baja_California_Sur,0,0,2015-11-28,0
Mexico-Campeche,0,17,2016-06-11,1
Mexico-Chiapas,2,2307,2015-11-28,1
Mexico-Chihuahua,0,0,2015-11-28,0
Mexico-Coahuila_de_Zaragoza,0,0,2015-11-28,0
Mexico-Colima,0,3,2016-06-11,1
Mexico-Distrito_Federal,0,0,2015-11-28,0
Mexico-Durango,0,0,2015-11-28,0
Mexico-Guanajuato,0,0,2015-11-28,0
Mexico-Guerrero,0,484,2016-01-30,1
Mexico-Hidalgo,0,0,2015-11-28,0
Mexico-Jalisco,0,48,2016-01-02,1
Mexico-Mexico,0,0,2015-11-28,0
Mexico-Michoacan_de_Ocampo,0,56,2016-02-13,1
Mexico-Morelos,0,0,2015-11-28,0
Mexico-Nayarit,0,17,2016-03-05,1
Mexico-Nuevo_Leon,2,65,2015-11-28,1
Mexico-Oaxaca,0,2045,2016-01-23,1
Mexico-Puebla,0,0,2015-11-28,0
Mexico-Queretaro_de_Arteaga,0,0,2015-11-28,0
Mexico-Quintana_Roo,0,8,2016-06-11,1
Mexico-San_Luis_Potosi,0,0,2015-11-28,0
Mexico-Sinaloa,0,23,2016-01-23,1
Mexico-Sonora,0,0,2015-11-28,0
Mexico-Tabasco,0,110,2016-03-05,1
Mexico-Tamaulipas,0,0,2015-11-28,0
Mexico-Tlaxcala,0,0,2015-11-28,0
Mexico-Veracruz_de_Ignacio_de_la_Llave,0,117,2016-01-30,1
Mexico-Yucatan,0,30,2016-01-30,1
Mexico-Zacatecas,0,0,2015-11-28,0
Nicaragua,49,4863,2016-02-09,1
Nicaragua-Carazo,3,3,2016-05-05,1
Nicaragua-Chinandega,1,7,2016-02-11,1
Nicaragua-Chinandega-San_Pedro_del_Norte,1,1,2016-02-12,1
Nicaragua-Granada,3,3,2016-05-05,1
Nicaragua-Jinotega,1,1,2016-05-05,1
Nicaragua-Leon,1,14,2016-03-07,1
Nicaragua-Leon-Quetzalguaque,1,1,2016-03-07,1
Nicaragua-Leon-Telica,1,1,2016-02-23,1
Nicaragua-Managua,2,102,2016-03-11,1
Nicaragua-Managua-Ciudad_Sandino,1,3,2016-02-11,1
Nicaragua-Managua-Distrito_I,2,2,2016-03-07,1
Nicaragua-Managua-Distrito_II,2,3,2016-02-09,1
Nicaragua-Managua-Distrito_III,1,1,2016-03-07,1
Nicaragua-Managua-Distrito_IV,1,3,2016-02-12,1
Nicaragua-Managua-Distrito_V,1,1,2016-03-07,1
Nicaragua-Masaya,19,19,2016-05-05,1
Nicaragua-Masaya-Masatepe,1,1,2016-03-07,1
Nicaragua-Masaya-Nindiri,1,2,2016-02-12,1
Nicaragua-Masaya-San_Juan_de_Oriente,2,2,2016-03-07,1
Nicaragua-Matagalpa,1,3,2016-03-14,1
Nicaragua-Nueva_Segovia,30,30,2016-05-05,1
Nicaragua-Nueva_Segovia-Ocotal,1,3,2016-02-09,1
Nicaragua-Other,3,15,2016-03-07,1
Nicaragua-Rivas,5,5,2016-05-05,1
Nicaragua-Rivas-Cardenas,1,1,2016-03-14,1
Nordeste,30286,337035,2016-04-02,1
Norte,6295,56779,2016-04-02,1
Panama,546,546,2016-04-11,1
Panama-Chiriqui,1,1,2016-04-11,1
Panama-Colon-Salamanca,2,2,2016-04-11,1
Panama-Colon-San_Juan,1,1,2016-04-11,1
Panama-Costa_del_Este,0,0,2016-04-11,0
Panama-Darien-Rio_Congo,1,1,2016-04-11,1
Panama-Herrera-Chitre,1,1,2016-04-11,1
Panama-Importados-Hotel,1,1,2016-04-11,1
Panama-Kuna_Yala,5,5,2016-04-11,1
Panama-Kuna_Yala-Achutupu,9,9,2016-04-11,1
Panama-Kuna_Yala-Acuatupu,11,11,2016-04-11,1
Panama-Kuna_Yala-Ailigandi,3,3,2016-04-11,1
Panama-Kuna_Yala-Ailitupu,2,2,2016-04-11,1
Panama-Kuna_Yala-Carti_Sugdup,21,21,2016-04-11,1
Panama-Kuna_Yala-Corazon_de_Jesus,5,5,2016-04-11,1
Panama-Kuna_Yala-Mamitupu,1,1,2016-04-11,1
Panama-Kuna_Yala-Mulatupu,5,5,2016-04-11,1
Panama-Kuna_Yala-Nalugena,1,1,2016-04-11,1
Panama-Kuna_Yala-Naranjo_Chico,2,2,2016-04-11,1
Panama-Kuna_Yala-Nargana,11,11,2016-04-11,1
Panama-Kuna_Yala-Ogobsucum,7,7,2016-04-11,1
Panama-Kuna_Yala-Playon_Chico,6,6,2016-04-11,1
Panama-Kuna_Yala-Pto_Obaldia,8,8,2016-04-11,1
Panama-Kuna_Yala-Rio_Azucar,3,3,2016-04-11,1
Panama-Kuna_Yala-Rio_Sidra,5,5,2016-04-11,1
Panama-Kuna_Yala-Soledad_Miria,1,1,2016-04-11,1
Panama-Kuna_Yala-Soledad_Miriam,0,0,2016-04-11,0
Panama-Kuna_Yala-Ustupu,16,16,2016-04-11,1
Panama-Kuna_Yala-Wichubhula,1,1,2016-04-11,1
Panama-Metro,5,5,2016-04-11,1
Panama-Metro-Ancon,2,2,2016-04-11,1
Panama-Metro-Bella_Vista,9,9,2016-04-11,1
Panama-Metro-Bethania,6,6,2016-04-11,1
Panama-Metro-Calidonia,2,2,2016-04-11,1
Panama-Metro-Chorrillo,2,2,2016-04-11,1
Panama-Metro-Clayton,1,1,2016-04-11,1
Panama-Metro-Costa_del_Este,1,1,2016-04-11,1
Panama-Metro-Gamboa,1,1,2016-04-11,1
Panama-Metro-Juan_Diaz,5,5,2016-04-11,1
Panama-Metro-Las_Garzas,1,1,2016-04-11,1
Panama-Metro-Parque_Lefevre,5,5,2016-04-11,1
Panama-Metro-Pueblo_Nuevo,1,1,2016-04-11,1
Panama-Metro-SanFrancisco,8,8,2016-04-11,1
Panama-Metro-San_Felipe,2,2,2016-04-11,1
Panama-Metro-Tocumen,8,8,2016-04-11,1
Panama-Metro-Veracruz,1,1,2016-04-11,1
Panama-P_Oeste,5,5,2016-04-11,1
Panama-Panama_Norte-Ernesto_Cordoba,1,1,2016-04-11,1
Panama-Panama_Norte-las_cumbres,5,5,2016-04-11,1
Panama-Panama_Oeste-El_Coco,2,2,2016-04-11,1
Panama-Panama_Oeste-Gorgona,1,1,2016-04-11,1
Panama-Panama_Oeste-Guadalupe,2,2,2016-04-11,1
Panama-Panama_Oeste-La_Chorrera,2,2,2016-04-11,1
Panama-Panama_Oeste-La_Mitra,1,1,2016-04-11,1
Panama-Panama_Oeste-Playa_Leona,1,1,2016-04-11,1
Panama-Panama_Oeste-Vista_Alegre,9,9,2016-04-11,1
Panama-San_Los_Santos-La_Villa,1,1,2016-04-11,1
Panama-San_Miguelito,2,2,2016-04-11,1
Panama-San_Miguelito-Brisas_del_Golf,1,1,2016-04-11,1
Panama-San_Miguelito-Condado_del_Rey,1,1,2016-04-11,1
Panama-San_Miguelito-Ojo_de_Agua,1,1,2016-04-11,1
Panama-San_Miguelito-Omar_Torrijos,1,1,2016-04-11,1
Panama-San_Miguelito-San_Jose,1,1,2016-04-11,1
Panama-San_Miguelito-Victoriano_Lorenzo,1,1,2016-04-11,1
Panama-San_Miguelito-Villa_Guadalupe,2,2,2016-04-11,1
Panama-San_Miguelito-Villa_Lucre,1,1,2016-04-11,1
Panama-San_Miguelito-Villas_del_Golf,1,1,2016-04-11,1
Panama-Sin_Especificar,2,2,2016-04-11,1
Puerto_Rico,2911,184389,2016-01-27,1
Sudeste,35505,366093,2016-04-02,1
Sul,1797,16153,2016-04-02,1
United_States-Alabama,0,0,2016-02-24,0
United_States-American_Samoa,4,285,2016-02-24,1
United_States-Arizona,0,0,2016-03-30,0
United_States-Arkansas,0,0,2016-02-24,0
United_States-California,0,0,2016-02-24,0
United_States-Colorado,0,0,2016-03-09,0
United_States-Connecticut,0,0,2016-03-23,0
United_States-Delaware,0,0,2016-02-24,0
United_States-District_of_Columbia,0,0,2016-02-24,0
United_States-Florida,0,0,2016-02-24,0
United_States-Georgia,0,0,2016-02-24,0
United_States-Hawaii,0,0,2016-02-24,0
United_States-Illinois,0,0,2016-02-24,0
United_States-Indiana,0,0,2016-02-24,0
United_States-Iowa,0,0,2016-02-24,0
United_States-Kansas,0,0,2016-03-16,0
United_States-Kentucky,0,0,2016-03-16,0
United_States-Louisiana,0,0,2016-02-24,0
United_States-Maine,0,0,2016-03-30,0
United_States-Maryland,0,0,2016-02-24,0
United_States-Massachusetts,0,0,2016-02-24,0
United_States-Michigan,0,0,2016-03-09,0
United_States-Minnesota,0,0,2016-02-24,0
United_States-Mississippi,0,0,2016-03-30,0
United_States-Missouri,0,0,2016-03-09,0
United_States-Montana,0,0,2016-03-09,0
United_States-Nebraska,0,0,2016-02-24,0
United_States-Nevada,0,0,2016-03-30,0
United_States-New_Hampshire,0,0,2016-03-09,0
United_States-New_Jersey,0,0,2016-02-24,0
United_States-New_Mexico,0,0,2016-04-20,0
United_States-New_York,0,0,2016-02-24,0
United_States-North_Carolina,0,0,2016-03-09,0
United_States-Ohio,0,0,2016-02-24,0
United_States-Oklahoma,0,0,2016-03-09,0
United_States-Oregon,0,0,2016-02-24,0
United_States-Pennsylvania,0,0,2016-02-24,0
United_States-Pennsylvania‚Ä†‚Ä†,0,0,2016-06-15,0
United_States-Puerto_Rico,34,11469,2016-02-24,1
United_States-Rhode_Island,0,0,2016-06-15,0
United_States-South_Carolina,0,0,2016-06-15,0
United_States-Tennessee,0,0,2016-02-24,0
United_States-Texas,0,0,2016-02-24,0
United_States-US_Virgin_Islands,1,230,2016-02-24,1
United_States-Utah,0,0,2016-03-30,0
United_States-Vermont,0,0,2016-06-15,0
United_States-Virginia,0,0,2016-02-24,0
United_States-Washington,0,0,2016-02-24,0
United_States-West_Virginia,0,0,2016-03-16,0
United_States-Wisconsin,0,0,2016-06-15,0
United_States_Virgin_Islands,103,5680,2016-02-16,1
United_States_Virgin_Islands-Saint_Croix,41,2197,2016-02-16,1
United_States_Virgin_Islands-Saint_John,0,120,2016-02-23,1
United_States_Virgin_Islands-Saint_Thomas,20,1533,2016-02-16,1
